tenure,MonthlyCharges,TotalCharges,Contract,InternetService,TechSupport,PaperlessBilling,PaymentMethod,SeniorCitizen,Partner,Dependents,Churn
11,536.61,5878.72,One year,DSL,No,Yes,Credit card,0,Yes,No,1
72,551.94,39600.2,Month-to-month,DSL,No,Yes,Electronic check,1,No,No,0
31,732.06,22692.55,Month-to-month,Fiber optic,Yes,No,Electronic check,0,No,No,0
21,910.21,19077.32,Month-to-month,DSL,No,Yes,Bank transfer,0,Yes,No,1
4,1074.08,4380.74,Month-to-month,DSL,Yes,No,Mailed check,0,Yes,No,0
4,559.05,2206.91,Month-to-month,No,No,Yes,Credit card,0,Yes,No,1
1,1247.81,1192.92,One year,Fiber optic,Yes,Yes,Bank transfer,1,No,No,1
48,718.66,34521.22,Month-to-month,No,No,Yes,Credit card,0,Yes,No,1
22,793.59,17425.95,One year,No,No,No,Electronic check,1,Yes,Yes,0
29,575.84,16660.29,Two year,Fiber optic,Yes,Yes,Credit card,0,Yes,No,0
0,200.0,25.48,Month-to-month,DSL,Yes,Yes,Electronic check,1,No,No,1
72,1065.21,76643.36,Month-to-month,Fiber optic,No,Yes,Credit card,0,Yes,No,0
42,1021.05,42811.37,Month-to-month,No,No,Yes,Electronic check,0,No,No,1
5,715.6,3664.31,One year,Fiber optic,No,Yes,Mailed check,0,No,No,0
4,820.1,3309.36,One year,Fiber optic,No,No,Credit card,0,No,No,0
4,954.78,3805.92,Month-to-month,DSL,Yes,Yes,Mailed check,0,No,No,1
8,331.24,2649.72,Month-to-month,No,No,No,Mailed check,0,No,No,1
17,641.28,10927.12,Two year,Fiber optic,No,Yes,Credit card,0,No,No,0
13,1038.28,13546.3,Month-to-month,No,No,No,Mailed check,1,No,Yes,0
8,423.71,3351.91,Month-to-month,DSL,No,No,Bank transfer,0,Yes,No,1
22,888.07,19555.79,Two year,DSL,No,Yes,Electronic check,0,Yes,Yes,0
3,393.03,1153.74,One year,DSL,No,No,Credit card,1,No,No,1
8,939.93,7509.98,Two year,Fiber optic,Yes,No,Bank transfer,1,No,No,0
10,789.31,7901.11,One year,DSL,No,Yes,Mailed check,0,No,No,0
14,315.46,4416.11,Two year,DSL,No,Yes,Electronic check,0,No,No,0
36,1149.42,41415.96,Month-to-month,No,Yes,No,Bank transfer,0,No,No,0
5,579.62,2922.47,One year,DSL,No,Yes,Electronic check,0,Yes,Yes,1
17,556.92,9392.3,Two year,No,No,Yes,Electronic check,0,No,Yes,0
21,860.17,17995.69,One year,Fiber optic,No,No,Bank transfer,0,Yes,No,0
1,1144.59,1126.11,Month-to-month,No,No,Yes,Electronic check,0,No,No,0
22,495.25,10987.01,Month-to-month,Fiber optic,No,No,Electronic check,0,No,Yes,1
4,818.5,3231.44,Month-to-month,No,Yes,No,Bank transfer,1,No,Yes,1
1,928.64,918.23,Month-to-month,No,No,No,Electronic check,0,Yes,No,1
71,1007.93,71536.33,Month-to-month,DSL,No,Yes,Electronic check,0,Yes,No,0
72,852.93,61383.44,One year,DSL,No,Yes,Electronic check,0,Yes,No,1
39,689.89,26914.69,One year,DSL,No,Yes,Bank transfer,0,No,No,0
8,551.72,4483.82,Month-to-month,Fiber optic,Yes,Yes,Bank transfer,0,No,Yes,1
2,825.84,1674.48,One year,No,No,Yes,Bank transfer,0,Yes,No,1
27,478.36,12875.5,Month-to-month,Fiber optic,No,Yes,Electronic check,1,No,Yes,1
13,200.0,2737.66,Month-to-month,Fiber optic,No,Yes,Electronic check,0,No,No,1
3,930.97,2796.83,Month-to-month,DSL,No,Yes,Electronic check,0,Yes,No,1
16,1071.18,17110.03,Month-to-month,No,No,No,Mailed check,0,Yes,No,0
0,200.0,70.6,Month-to-month,No,No,No,Credit card,0,No,No,1
57,497.08,28310.15,Month-to-month,DSL,No,No,Electronic check,0,No,No,1
7,985.75,6983.37,Month-to-month,Fiber optic,No,No,Electronic check,0,No,No,1
26,1417.25,36804.93,Two year,DSL,No,Yes,Electronic check,0,No,No,0
8,806.24,6521.41,Month-to-month,Fiber optic,No,No,Bank transfer,0,No,No,1
17,581.6,9897.24,One year,Fiber optic,No,No,Bank transfer,0,Yes,No,0
18,745.13,13476.91,One year,DSL,No,Yes,Bank transfer,0,No,No,1
4,1212.46,4944.94,One year,Fiber optic,Yes,Yes,Credit card,0,Yes,Yes,0
72,606.21,43590.54,Two year,DSL,No,Yes,Mailed check,0,Yes,No,0
35,560.24,19672.27,Month-to-month,Fiber optic,Yes,Yes,Electronic check,0,Yes,No,1
67,655.18,43826.41,Month-to-month,Fiber optic,No,Yes,Electronic check,0,Yes,No,0
54,514.0,27703.72,Two year,DSL,No,Yes,Bank transfer,1,No,No,0
21,836.8,17532.65,Month-to-month,Fiber optic,No,No,Bank transfer,0,No,No,1
61,1287.4,78556.8,One year,Fiber optic,No,Yes,Mailed check,0,Yes,No,0
2,896.92,1795.5,One year,Fiber optic,Yes,Yes,Bank transfer,0,No,Yes,0
5,724.29,3613.11,One year,DSL,No,No,Bank transfer,0,No,No,0
1,712.46,719.77,Two year,Fiber optic,No,Yes,Credit card,0,No,No,0
9,331.04,3008.95,Two year,No,No,No,Bank transfer,0,No,No,0
11,1064.93,11747.67,One year,DSL,Yes,Yes,Credit card,0,Yes,No,1
7,776.65,5491.25,Month-to-month,DSL,No,No,Electronic check,0,No,No,1
42,745.86,31416.95,Two year,DSL,No,Yes,Bank transfer,0,No,Yes,0
10,1757.93,17578.25,Month-to-month,Fiber optic,No,Yes,Credit card,0,No,No,0
7,889.63,6201.33,Month-to-month,DSL,No,Yes,Mailed check,0,No,Yes,0
18,574.46,10371.01,Two year,Fiber optic,No,No,Credit card,0,No,No,1
3,672.09,1959.07,Month-to-month,Fiber optic,No,No,Bank transfer,1,No,No,1
38,1144.53,43458.35,Month-to-month,Fiber optic,No,Yes,Electronic check,1,No,No,0
1,833.98,883.95,Month-to-month,Fiber optic,No,No,Bank transfer,0,No,No,1
72,368.52,26526.99,Two year,Fiber optic,Yes,Yes,Electronic check,0,Yes,No,0
35,1075.77,37591.49,Month-to-month,Fiber optic,No,No,Credit card,0,Yes,Yes,1
5,599.56,2923.29,One year,DSL,No,No,Credit card,1,Yes,No,0
0,1361.99,2.44,Month-to-month,DSL,Yes,Yes,Electronic check,0,No,Yes,0
40,1124.01,45017.67,One year,No,Yes,Yes,Electronic check,1,No,No,0
29,665.8,19364.73,One year,DSL,No,No,Bank transfer,0,Yes,Yes,0
31,1184.3,36719.0,Month-to-month,Fiber optic,Yes,No,Electronic check,0,No,No,0
35,820.36,28812.93,Month-to-month,No,No,No,Electronic check,1,No,No,0
1,1055.83,1050.59,Month-to-month,DSL,Yes,No,Mailed check,0,No,No,1
10,945.42,9447.27,Two year,Fiber optic,No,Yes,Mailed check,0,Yes,Yes,0
2,546.09,963.81,One year,Fiber optic,Yes,No,Electronic check,0,No,No,1
47,606.94,28503.58,Two year,No,Yes,Yes,Credit card,0,No,No,0
23,1108.99,25549.33,Month-to-month,No,No,No,Credit card,0,No,No,0
9,699.57,6374.3,One year,Fiber optic,No,Yes,Bank transfer,0,No,Yes,1
1,678.91,637.39,One year,DSL,Yes,Yes,Credit card,0,No,No,0
8,513.46,4130.82,One year,Fiber optic,No,Yes,Electronic check,0,Yes,No,1
9,927.08,8396.06,Two year,Fiber optic,No,Yes,Electronic check,0,No,Yes,0
31,1418.76,43982.04,Month-to-month,Fiber optic,No,Yes,Electronic check,1,Yes,No,0
24,479.74,11399.6,Month-to-month,DSL,No,No,Bank transfer,0,Yes,No,1
52,807.27,41990.19,One year,DSL,No,No,Credit card,0,Yes,No,0
15,1223.67,18393.06,One year,Fiber optic,No,Yes,Bank transfer,0,Yes,Yes,0
3,776.11,2280.95,One year,Fiber optic,No,No,Credit card,0,Yes,Yes,0
29,935.71,27122.93,Month-to-month,DSL,Yes,No,Bank transfer,1,No,Yes,0
34,481.28,16305.81,Month-to-month,Fiber optic,No,Yes,Mailed check,0,No,No,1
19,928.49,17512.84,Month-to-month,No,No,Yes,Mailed check,0,Yes,No,1
35,743.86,26086.34,Month-to-month,Fiber optic,No,No,Electronic check,0,No,No,1
16,1095.72,17531.32,One year,DSL,No,No,Electronic check,0,Yes,No,0
17,1156.22,19735.55,One year,DSL,No,Yes,Bank transfer,1,Yes,Yes,0
13,1576.87,20542.16,Month-to-month,DSL,No,No,Mailed check,1,No,Yes,1
0,973.89,0.0,Month-to-month,No,No,Yes,Bank transfer,0,No,No,1
2,897.74,1791.32,Month-to-month,Fiber optic,No,Yes,Bank transfer,1,No,Yes,1
0,858.32,28.31,Month-to-month,Fiber optic,No,Yes,Electronic check,0,Yes,No,1
24,694.05,16705.55,One year,Fiber optic,No,Yes,Mailed check,0,No,No,0
9,901.55,8130.04,Two year,Fiber optic,No,No,Mailed check,0,No,Yes,1
17,711.38,12148.73,Month-to-month,No,Yes,No,Mailed check,0,No,No,1
57,850.54,48465.85,One year,Fiber optic,No,Yes,Credit card,0,Yes,No,0
6,1195.28,7121.82,Two year,DSL,No,Yes,Mailed check,1,No,No,0
12,498.04,5973.21,Two year,DSL,No,No,Bank transfer,0,No,No,0
33,1141.96,37695.06,Month-to-month,Fiber optic,Yes,No,Credit card,0,No,Yes,1
6,1195.13,7110.73,Two year,No,No,No,Credit card,0,Yes,No,0
1,764.58,697.74,Month-to-month,DSL,No,No,Credit card,0,No,No,1
8,200.0,1622.37,Month-to-month,No,No,Yes,Electronic check,0,Yes,No,1
4,617.65,2450.3,Month-to-month,Fiber optic,No,No,Electronic check,1,No,Yes,1
63,1189.1,74904.9,Month-to-month,DSL,No,Yes,Electronic check,0,Yes,No,0
39,793.14,30914.46,Month-to-month,DSL,Yes,Yes,Electronic check,0,Yes,No,0
24,500.21,12081.05,Month-to-month,DSL,Yes,Yes,Credit card,0,No,No,1
49,648.57,31842.9,Month-to-month,Fiber optic,No,Yes,Bank transfer,1,Yes,No,1
39,1052.19,40973.39,Two year,DSL,No,No,Electronic check,0,Yes,No,0
4,964.02,3829.44,Two year,Fiber optic,Yes,No,Electronic check,0,Yes,No,0
53,728.32,38643.48,Month-to-month,Fiber optic,Yes,Yes,Electronic check,0,Yes,No,0
18,689.95,12449.24,Two year,Fiber optic,Yes,Yes,Bank transfer,0,No,Yes,0
39,682.47,26614.36,Two year,DSL,No,Yes,Bank transfer,1,No,No,0
54,523.28,28200.08,One year,Fiber optic,Yes,Yes,Credit card,0,No,No,0
9,1284.61,11527.39,Month-to-month,Fiber optic,No,No,Credit card,0,Yes,No,1
2,703.3,1380.77,One year,Fiber optic,No,No,Electronic check,1,No,No,1
6,1165.15,7004.74,Two year,No,Yes,No,Electronic check,0,No,No,0
13,1256.39,16418.32,One year,DSL,No,No,Electronic check,0,No,No,1
40,1099.49,43945.39,Month-to-month,No,Yes,No,Mailed check,0,No,Yes,0
47,670.51,31462.85,Month-to-month,Fiber optic,No,Yes,Credit card,0,No,Yes,1
0,921.12,0.0,One year,Fiber optic,Yes,Yes,Bank transfer,0,No,No,0
17,792.74,13528.19,Month-to-month,Fiber optic,No,Yes,Bank transfer,0,Yes,No,1
12,528.89,6274.33,Month-to-month,Fiber optic,No,Yes,Mailed check,1,Yes,No,1
6,897.31,5456.53,Month-to-month,DSL,Yes,No,Electronic check,0,No,No,1
3,446.29,1330.26,Two year,Fiber optic,Yes,Yes,Electronic check,0,No,No,1
9,1156.3,10370.02,Two year,Fiber optic,No,Yes,Mailed check,0,Yes,No,0
68,660.61,44841.8,Month-to-month,Fiber optic,Yes,Yes,Bank transfer,0,Yes,Yes,0
9,860.35,7778.46,Two year,DSL,No,No,Electronic check,0,No,No,0
17,884.99,15036.21,Month-to-month,No,No,Yes,Bank transfer,0,No,No,1
29,722.33,20956.06,One year,Fiber optic,No,No,Credit card,0,Yes,No,0
10,976.01,9715.04,One year,DSL,No,No,Mailed check,0,Yes,No,0
72,657.53,47326.13,Two year,Fiber optic,No,Yes,Bank transfer,0,No,No,0
72,1061.39,76395.69,Two year,Fiber optic,No,Yes,Mailed check,0,No,No,0
6,396.21,2372.21,Month-to-month,Fiber optic,No,No,Bank transfer,0,Yes,No,1
16,837.91,13373.14,Two year,Fiber optic,Yes,Yes,Bank transfer,0,No,No,0
8,1381.68,10976.72,Month-to-month,No,Yes,No,Credit card,0,No,No,1
8,499.9,4135.63,One year,DSL,No,Yes,Electronic check,0,No,No,1
0,596.68,0.0,One year,Fiber optic,No,Yes,Mailed check,0,No,No,0
22,954.17,21000.86,One year,No,No,No,Electronic check,1,No,Yes,0
16,853.87,13573.39,Month-to-month,No,Yes,No,Electronic check,0,Yes,No,1
1,905.19,805.34,Two year,Fiber optic,No,No,Bank transfer,0,Yes,Yes,1
7,946.76,6632.18,Month-to-month,No,Yes,No,Credit card,0,Yes,No,0
57,990.42,56462.46,Month-to-month,DSL,Yes,No,Mailed check,0,Yes,No,1
6,1132.91,6860.53,One year,No,No,No,Electronic check,0,Yes,Yes,0
3,922.95,2788.81,Month-to-month,DSL,Yes,No,Electronic check,0,Yes,No,0
16,727.62,11634.47,Two year,DSL,No,Yes,Mailed check,0,No,No,0
72,1001.77,72080.11,Month-to-month,DSL,No,Yes,Electronic check,0,No,No,0
6,1369.96,8294.74,Month-to-month,Fiber optic,No,No,Electronic check,0,No,No,0
26,760.21,19811.9,Two year,DSL,No,Yes,Bank transfer,0,No,No,0
34,507.64,17197.48,Month-to-month,DSL,Yes,Yes,Electronic check,0,Yes,No,1
6,1132.12,6794.64,Month-to-month,DSL,Yes,Yes,Mailed check,0,Yes,No,0
31,763.89,23687.66,One year,DSL,No,Yes,Credit card,1,Yes,No,0
11,200.0,2182.72,Month-to-month,Fiber optic,No,Yes,Electronic check,1,No,Yes,0
24,1054.23,25340.03,One year,Fiber optic,No,Yes,Bank transfer,0,Yes,No,0
24,639.4,15387.22,Month-to-month,DSL,Yes,No,Bank transfer,0,No,No,1
18,772.84,13901.6,Two year,Fiber optic,No,Yes,Bank transfer,0,No,No,0
2,899.59,1785.14,Two year,No,No,Yes,Mailed check,0,Yes,Yes,0
43,857.15,36932.39,One year,Fiber optic,No,Yes,Electronic check,0,Yes,No,0
9,1012.84,9162.16,Month-to-month,DSL,No,Yes,Credit card,0,No,No,1
4,669.35,2681.03,Two year,Fiber optic,Yes,Yes,Bank transfer,0,No,No,0
0,953.93,0.0,One year,DSL,Yes,No,Electronic check,0,No,No,0
21,722.14,15182.06,One year,DSL,No,Yes,Electronic check,0,Yes,No,1
27,1021.64,27619.27,Month-to-month,DSL,No,No,Electronic check,0,No,No,1
0,984.61,0.0,Two year,No,Yes,Yes,Electronic check,1,Yes,No,0
17,519.37,8841.86,One year,DSL,No,Yes,Bank transfer,0,No,No,0
6,1125.79,6733.93,Month-to-month,DSL,Yes,Yes,Electronic check,0,No,No,0
24,639.21,15330.02,Month-to-month,DSL,Yes,Yes,Electronic check,0,No,Yes,1
4,1042.42,4124.3,Two year,No,No,No,Bank transfer,0,Yes,No,0
28,910.19,25477.8,Month-to-month,Fiber optic,Yes,No,Electronic check,0,No,No,1
11,1351.46,14935.61,Two year,DSL,No,No,Bank transfer,0,Yes,No,0
66,732.96,48353.05,One year,Fiber optic,No,Yes,Bank transfer,0,Yes,No,0
3,695.2,2133.89,One year,Fiber optic,Yes,Yes,Electronic check,1,Yes,No,1
10,794.17,7901.42,Month-to-month,Fiber optic,Yes,Yes,Bank transfer,0,No,Yes,1
2,709.05,1456.03,Month-to-month,DSL,No,No,Bank transfer,0,No,No,1
62,1039.98,64479.0,Two year,No,Yes,Yes,Mailed check,0,Yes,No,0
50,315.11,15772.94,Month-to-month,DSL,No,No,Electronic check,0,No,Yes,1
7,483.9,3387.62,One year,Fiber optic,No,Yes,Mailed check,0,Yes,Yes,0
25,479.66,12023.56,Month-to-month,DSL,No,Yes,Credit card,0,Yes,Yes,1
40,1085.09,43275.31,Month-to-month,Fiber optic,No,Yes,Bank transfer,0,Yes,No,0
19,1313.18,24879.5,Month-to-month,Fiber optic,Yes,Yes,Electronic check,0,No,Yes,1
18,768.67,13856.83,Month-to-month,Fiber optic,Yes,No,Bank transfer,1,No,No,0
6,749.35,4393.94,Two year,DSL,Yes,Yes,Mailed check,0,No,No,0
2,821.02,1615.5,Month-to-month,Fiber optic,No,No,Bank transfer,0,No,No,1
54,1148.56,62019.71,Month-to-month,DSL,No,Yes,Bank transfer,0,Yes,No,0
55,521.79,28657.27,Month-to-month,Fiber optic,Yes,No,Mailed check,0,No,No,0
24,871.51,20881.68,Month-to-month,No,Yes,Yes,Credit card,0,Yes,No,1
9,1092.56,9846.61,Month-to-month,Fiber optic,No,No,Bank transfer,0,No,No,0
10,950.33,9553.75,Two year,Fiber optic,No,No,Bank transfer,0,No,No,0
31,856.87,26515.19,Month-to-month,Fiber optic,No,No,Electronic check,0,No,No,1
54,1100.31,59388.19,Month-to-month,Fiber optic,No,Yes,Credit card,0,No,No,0
52,200.0,10363.44,Month-to-month,No,No,No,Credit card,0,No,Yes,1
36,1003.36,35999.98,Two year,DSL,No,Yes,Electronic check,0,Yes,No,0
24,603.78,14497.74,Month-to-month,Fiber optic,No,Yes,Mailed check,1,No,No,1
2,250.81,548.36,Month-to-month,Fiber optic,No,Yes,Electronic check,0,Yes,No,1
4,953.36,3864.28,One year,Fiber optic,No,Yes,Bank transfer,0,Yes,No,0
54,1212.1,65409.73,One year,DSL,Yes,No,Bank transfer,0,No,No,0
22,758.77,16630.25,Month-to-month,Fiber optic,Yes,Yes,Electronic check,1,No,Yes,1
0,1085.86,1.08,Month-to-month,No,No,Yes,Credit card,0,Yes,No,1
2,1283.68,2608.83,One year,No,No,No,Electronic check,0,No,No,1
26,1194.47,31064.08,Month-to-month,Fiber optic,No,Yes,Credit card,0,No,No,1
0,1291.99,14.47,Two year,Fiber optic,Yes,No,Mailed check,0,No,No,0
4,1022.64,4147.64,One year,No,No,Yes,Electronic check,0,No,No,1
19,822.63,15593.01,Month-to-month,DSL,No,Yes,Electronic check,0,No,No,1
28,319.41,8932.49,Month-to-month,DSL,Yes,Yes,Electronic check,0,Yes,No,1
25,726.18,18236.26,Month-to-month,Fiber optic,No,No,Bank transfer,0,No,No,1
6,547.03,3272.32,One year,No,No,No,Bank transfer,0,No,No,0
29,1451.28,42023.83,Month-to-month,No,No,No,Electronic check,0,No,Yes,0
6,747.23,4449.94,Month-to-month,Fiber optic,No,Yes,Electronic check,0,No,No,1
9,836.96,7485.74,One year,DSL,No,Yes,Electronic check,1,Yes,No,1
32,965.45,30912.12,Two year,Fiber optic,No,Yes,Bank transfer,1,Yes,Yes,0
25,813.08,20282.22,Month-to-month,DSL,No,Yes,Bank transfer,0,Yes,Yes,1
45,1308.52,58896.74,Two year,DSL,No,Yes,Electronic check,0,Yes,No,0
25,613.21,15293.33,Month-to-month,Fiber optic,No,No,Bank transfer,0,Yes,No,1
20,858.38,17061.48,Month-to-month,DSL,No,Yes,Electronic check,0,Yes,No,1
2,577.26,1169.85,Month-to-month,No,Yes,Yes,Credit card,0,No,No,1
11,403.99,4451.35,Month-to-month,Fiber optic,No,No,Credit card,0,No,No,1
7,616.47,4341.17,Month-to-month,Fiber optic,No,No,Bank transfer,1,No,Yes,1
6,788.89,4699.68,Month-to-month,DSL,No,Yes,Credit card,1,No,Yes,1
72,671.21,48288.09,Two year,DSL,No,Yes,Credit card,0,Yes,Yes,0
11,592.27,6535.08,Two year,DSL,Yes,Yes,Credit card,0,Yes,Yes,0
53,378.1,20115.5,One year,No,No,Yes,Bank transfer,1,No,Yes,0
23,775.07,17827.13,Month-to-month,No,Yes,No,Electronic check,1,No,No,1
38,348.58,13267.42,Month-to-month,Fiber optic,Yes,Yes,Electronic check,1,No,No,1
16,1028.02,16432.19,Month-to-month,DSL,No,No,Electronic check,0,Yes,No,0
20,824.73,16417.46,One year,No,Yes,No,Bank transfer,0,Yes,No,0
16,362.73,5852.12,Two year,DSL,No,No,Electronic check,0,No,No,0
5,707.24,3581.61,Month-to-month,DSL,No,Yes,Electronic check,0,No,No,0
30,574.35,17266.13,Month-to-month,Fiber optic,No,Yes,Mailed check,0,No,No,0
7,895.75,6261.17,Month-to-month,No,No,No,Electronic check,0,No,No,1
0,1202.14,29.85,Month-to-month,DSL,Yes,Yes,Bank transfer,1,No,Yes,0
24,237.45,5743.45,Month-to-month,DSL,Yes,Yes,Credit card,1,No,No,1
4,834.51,3419.04,One year,No,No,Yes,Bank transfer,0,No,No,0
67,751.96,50430.76,One year,DSL,No,Yes,Bank transfer,1,No,No,0
72,1001.4,72104.14,Month-to-month,DSL,No,No,Bank transfer,0,No,No,0
59,863.96,50908.17,Month-to-month,Fiber optic,No,Yes,Mailed check,0,No,No,1
11,574.41,6326.28,Two year,No,Yes,Yes,Electronic check,0,No,No,0
0,704.28,12.83,Month-to-month,Fiber optic,No,Yes,Credit card,0,Yes,Yes,1
63,561.19,35390.56,Month-to-month,No,No,Yes,Electronic check,0,No,No,0
13,1122.8,14664.12,Month-to-month,Fiber optic,Yes,No,Electronic check,0,No,Yes,1
72,806.39,58055.57,Month-to-month,DSL,Yes,No,Bank transfer,0,Yes,No,0
72,1370.36,98770.77,Month-to-month,No,Yes,Yes,Electronic check,0,No,Yes,0
46,781.8,35874.92,Two year,Fiber optic,Yes,Yes,Mailed check,1,Yes,No,0
8,587.48,4720.79,Month-to-month,DSL,No,Yes,Electronic check,0,No,Yes,1
11,345.89,3764.82,Month-to-month,Fiber optic,Yes,No,Electronic check,0,No,No,1
45,259.06,11562.25,One year,DSL,Yes,Yes,Electronic check,0,Yes,Yes,0
9,324.76,2912.74,Month-to-month,DSL,Yes,No,Electronic check,0,Yes,Yes,1
4,880.14,3447.69,Two year,DSL,No,Yes,Bank transfer,0,No,No,0
19,952.62,18091.66,Two year,Fiber optic,No,No,Credit card,0,No,Yes,1
66,325.64,21494.16,Month-to-month,No,Yes,Yes,Mailed check,0,Yes,Yes,0
28,1068.51,29974.25,One year,Fiber optic,No,No,Credit card,0,No,Yes,0
20,655.08,13026.25,Month-to-month,No,Yes,Yes,Electronic check,0,No,No,0
2,844.04,1733.5,Two year,DSL,No,No,Electronic check,0,No,No,1
22,1283.67,28245.56,Month-to-month,DSL,Yes,Yes,Electronic check,0,Yes,Yes,1
72,1069.05,77023.17,Two year,DSL,No,Yes,Bank transfer,1,No,Yes,0
3,719.44,2136.73,One year,DSL,No,No,Mailed check,0,Yes,No,0
17,532.64,8988.31,Month-to-month,DSL,No,Yes,Bank transfer,0,No,No,0
50,200.0,9939.13,Month-to-month,Fiber optic,Yes,No,Bank transfer,1,No,No,0
32,584.25,18631.54,Two year,No,No,No,Mailed check,0,Yes,No,0
28,736.66,20650.4,Two year,No,No,Yes,Bank transfer,0,No,No,0
29,503.85,14685.38,Month-to-month,DSL,Yes,Yes,Credit card,1,Yes,No,1
10,760.62,7577.98,One year,No,No,Yes,Electronic check,0,No,No,1
8,823.06,6615.9,Month-to-month,DSL,Yes,Yes,Mailed check,0,No,No,1
39,732.54,28493.01,Month-to-month,DSL,Yes,Yes,Bank transfer,1,No,No,0
39,605.0,23603.99,Month-to-month,No,Yes,No,Bank transfer,1,No,No,1
48,850.6,40862.06,Month-to-month,Fiber optic,No,Yes,Electronic check,0,No,No,1
58,932.58,54017.36,Two year,DSL,No,Yes,Mailed check,0,No,No,0
17,472.88,8028.77,Month-to-month,Fiber optic,No,Yes,Mailed check,0,No,No,1
16,1223.28,19608.27,Two year,DSL,Yes,Yes,Mailed check,0,Yes,No,0
38,770.42,29129.41,Month-to-month,Fiber optic,No,Yes,Electronic check,0,No,Yes,1
25,805.65,20208.14,Month-to-month,Fiber optic,Yes,No,Credit card,0,No,No,0
29,1012.46,29379.15,Month-to-month,No,No,No,Bank transfer,0,Yes,No,0
38,869.96,33094.5,Month-to-month,DSL,No,Yes,Mailed check,1,Yes,No,0
52,1085.94,56448.3,Month-to-month,Fiber optic,Yes,No,Bank transfer,1,Yes,No,0
9,886.14,7889.1,Month-to-month,Fiber optic,No,Yes,Credit card,1,Yes,Yes,1
11,616.27,6805.66,One year,Fiber optic,No,No,Electronic check,1,Yes,Yes,0
2,908.45,1812.77,Month-to-month,DSL,No,No,Electronic check,0,No,No,0
20,456.88,9139.25,Month-to-month,Fiber optic,No,No,Mailed check,0,No,No,0
0,832.57,54.38,Month-to-month,No,No,Yes,Credit card,0,No,No,1
15,790.03,11888.57,Two year,No,No,Yes,Electronic check,0,Yes,Yes,0
18,737.56,13372.23,Two year,No,No,Yes,Credit card,0,No,No,1
8,761.44,6099.2,Month-to-month,No,Yes,No,Mailed check,0,No,No,1
21,235.45,4909.79,Month-to-month,Fiber optic,No,Yes,Mailed check,1,No,No,1
0,635.38,0.0,Month-to-month,No,No,No,Electronic check,0,No,No,1
0,827.85,20.78,Two year,DSL,Yes,Yes,Electronic check,0,Yes,No,0
41,847.96,34817.03,Month-to-month,Fiber optic,Yes,No,Credit card,0,No,No,1
10,491.7,4843.62,Month-to-month,DSL,No,Yes,Credit card,0,No,No,1
3,1179.71,3539.56,Month-to-month,Fiber optic,No,Yes,Mailed check,0,Yes,Yes,1
17,540.15,9262.99,Month-to-month,DSL,No,Yes,Credit card,0,Yes,No,1
35,1090.84,38167.29,Month-to-month,No,Yes,Yes,Credit card,0,Yes,No,0
5,928.16,4687.34,One year,DSL,No,Yes,Mailed check,0,Yes,No,0
23,606.13,13965.69,Month-to-month,DSL,Yes,No,Bank transfer,0,Yes,No,0
2,1332.59,2712.98,One year,Fiber optic,No,Yes,Mailed check,0,No,No,0
1,441.91,401.42,Month-to-month,DSL,No,Yes,Bank transfer,1,No,No,1
18,1075.75,19323.16,Month-to-month,DSL,Yes,No,Electronic check,0,No,No,0
18,1100.17,19804.16,Two year,DSL,No,Yes,Bank transfer,1,No,No,0
24,598.81,14294.92,Month-to-month,Fiber optic,No,No,Electronic check,0,No,No,1
31,1217.74,37736.44,Two year,Fiber optic,No,No,Credit card,0,No,Yes,0
72,724.99,52211.64,Month-to-month,Fiber optic,No,Yes,Credit card,0,No,No,0
17,886.61,15161.57,Month-to-month,Fiber optic,No,Yes,Electronic check,0,Yes,No,1
9,878.1,7923.0,Two year,Fiber optic,No,Yes,Electronic check,0,No,Yes,1
38,759.71,28900.14,Month-to-month,DSL,Yes,No,Mailed check,0,No,Yes,0
7,1043.24,7360.92,Two year,DSL,Yes,Yes,Bank transfer,1,Yes,No,0
13,1038.05,13446.37,Month-to-month,Fiber optic,Yes,No,Electronic check,0,No,No,1
1,275.44,267.19,Two year,DSL,No,No,Bank transfer,0,No,No,0
0,1191.3,121.27,Month-to-month,DSL,No,Yes,Electronic check,0,No,Yes,0
72,301.25,21686.22,Month-to-month,Fiber optic,No,No,Electronic check,0,Yes,Yes,1
43,1109.76,47775.67,One year,Fiber optic,No,No,Electronic check,0,No,No,0
28,1138.01,31912.51,Two year,DSL,No,Yes,Electronic check,0,Yes,Yes,0
12,472.71,5598.62,Two year,DSL,No,No,Credit card,0,Yes,Yes,1
4,676.76,2722.55,Two year,No,No,No,Credit card,0,Yes,Yes,1
4,468.29,1880.49,Two year,No,No,Yes,Mailed check,0,No,Yes,0
6,735.52,4429.64,Month-to-month,Fiber optic,No,Yes,Mailed check,0,No,Yes,1
19,707.59,13406.5,Month-to-month,Fiber optic,Yes,Yes,Electronic check,0,Yes,No,1
30,1033.9,30961.1,Month-to-month,Fiber optic,No,Yes,Bank transfer,0,No,Yes,1
25,1193.09,29803.52,Month-to-month,No,Yes,No,Electronic check,0,Yes,No,0
7,1218.71,8526.05,Month-to-month,No,Yes,Yes,Bank transfer,0,Yes,No,1
72,631.35,45516.42,Month-to-month,DSL,No,No,Credit card,0,No,No,0
32,737.23,23682.34,Month-to-month,No,No,Yes,Electronic check,0,Yes,No,0
19,294.97,5674.23,One year,DSL,No,Yes,Bank transfer,0,No,No,1
22,558.24,12324.27,Month-to-month,DSL,No,No,Electronic check,0,Yes,No,1
13,1089.46,14112.7,Month-to-month,Fiber optic,No,No,Mailed check,0,Yes,No,1
6,1284.67,7687.6,Month-to-month,Fiber optic,Yes,Yes,Electronic check,0,No,No,1
10,429.7,4307.45,One year,No,No,Yes,Mailed check,0,No,No,0
34,622.26,21125.24,One year,DSL,No,Yes,Electronic check,0,Yes,No,0
0,792.08,28.86,One year,Fiber optic,No,Yes,Mailed check,0,No,Yes,0
2,884.05,1804.12,Month-to-month,No,No,Yes,Mailed check,0,No,No,1
1,557.12,583.93,Month-to-month,No,No,Yes,Electronic check,0,No,No,1
0,927.22,51.26,Month-to-month,DSL,Yes,No,Bank transfer,0,Yes,No,0
46,657.85,30215.79,Month-to-month,Fiber optic,No,Yes,Credit card,0,No,Yes,1
29,795.66,23120.91,Month-to-month,Fiber optic,No,No,Mailed check,0,No,No,1
15,963.89,14423.5,Month-to-month,DSL,No,No,Electronic check,0,Yes,No,1
2,801.93,1556.81,Month-to-month,No,Yes,Yes,Electronic check,0,No,Yes,1
16,669.08,10731.95,Two year,No,No,No,Credit card,0,No,No,1
15,767.12,11567.55,Two year,DSL,No,Yes,Bank transfer,0,No,No,0
4,773.49,3118.37,Month-to-month,DSL,Yes,No,Mailed check,0,No,No,0
13,689.0,8958.0,Month-to-month,DSL,No,Yes,Electronic check,0,No,No,1
12,722.36,8683.84,Month-to-month,No,Yes,Yes,Mailed check,0,No,No,0
22,1279.59,28157.89,Month-to-month,DSL,No,No,Electronic check,0,No,No,1
24,968.28,23182.32,Two year,Fiber optic,No,Yes,Credit card,0,No,No,0
1,711.36,649.22,Month-to-month,Fiber optic,No,No,Credit card,1,No,No,1
11,1009.09,11096.01,One year,Fiber optic,No,No,Electronic check,0,Yes,No,1
23,699.85,16100.64,Month-to-month,DSL,Yes,Yes,Mailed check,0,Yes,No,0
16,1151.94,18431.56,Two year,DSL,No,Yes,Electronic check,0,No,No,0
46,910.89,41934.87,Month-to-month,No,No,Yes,Mailed check,0,Yes,Yes,1
25,767.81,19184.46,One year,No,Yes,No,Credit card,0,No,Yes,0
4,934.32,3765.41,Month-to-month,Fiber optic,No,No,Mailed check,0,No,No,0
1,328.74,321.51,One year,DSL,No,Yes,Electronic check,0,No,No,1
24,461.97,11178.44,Month-to-month,DSL,Yes,Yes,Electronic check,1,No,No,1
0,441.82,4.04,Month-to-month,Fiber optic,Yes,No,Credit card,0,No,Yes,1
21,842.88,17817.58,Two year,DSL,Yes,Yes,Bank transfer,0,Yes,No,0
67,1319.75,88441.15,Two year,No,No,No,Mailed check,0,No,No,0
20,1469.39,29377.12,Two year,Fiber optic,No,No,Electronic check,1,Yes,No,0
11,991.42,10860.6,One year,DSL,No,No,Electronic check,0,Yes,Yes,1
24,950.25,22733.94,Two year,No,No,Yes,Credit card,0,Yes,No,0
14,259.68,3585.99,Month-to-month,No,No,Yes,Mailed check,0,Yes,Yes,1
18,637.2,11425.58,Month-to-month,DSL,No,Yes,Mailed check,0,Yes,Yes,1
68,563.66,38348.95,Month-to-month,Fiber optic,Yes,Yes,Mailed check,0,Yes,No,0
11,613.75,6724.89,One year,DSL,No,No,Credit card,0,No,Yes,0
72,749.56,53977.44,Month-to-month,Fiber optic,No,Yes,Electronic check,0,No,Yes,1
56,658.37,36932.98,Month-to-month,DSL,No,No,Electronic check,0,Yes,No,0
5,206.21,1026.66,One year,Fiber optic,No,Yes,Bank transfer,0,Yes,Yes,0
1,1024.37,1128.33,Two year,No,No,Yes,Bank transfer,0,No,No,0
2,478.18,897.56,Month-to-month,Fiber optic,No,Yes,Bank transfer,0,No,Yes,1
0,871.77,0.0,Month-to-month,DSL,Yes,No,Credit card,0,No,No,1
2,1422.22,2817.48,Month-to-month,Fiber optic,No,Yes,Mailed check,0,Yes,No,0
27,524.18,14199.81,Month-to-month,DSL,Yes,Yes,Electronic check,0,No,Yes,1
1,200.0,88.01,Month-to-month,No,No,No,Credit card,0,No,No,1
9,714.2,6355.63,One year,Fiber optic,Yes,Yes,Mailed check,0,No,No,1
44,1130.29,49727.3,One year,DSL,Yes,Yes,Bank transfer,0,Yes,Yes,0
0,1387.5,77.57,One year,DSL,No,Yes,Bank transfer,1,Yes,No,0
40,431.14,17256.7,Month-to-month,Fiber optic,No,Yes,Mailed check,0,Yes,Yes,1
7,949.01,6575.49,Two year,DSL,Yes,No,Electronic check,0,Yes,Yes,0
3,660.41,1921.36,Month-to-month,Fiber optic,No,Yes,Bank transfer,0,No,Yes,1
28,768.22,21593.68,Month-to-month,DSL,No,Yes,Credit card,0,No,No,1
23,1593.3,36614.91,Two year,DSL,Yes,Yes,Bank transfer,0,No,No,0
50,349.11,17408.3,Month-to-month,Fiber optic,No,No,Mailed check,0,No,No,0
31,876.12,27233.65,Month-to-month,No,No,Yes,Electronic check,0,No,No,1
39,940.31,36722.56,Two year,No,No,No,Electronic check,1,Yes,No,0
7,1125.74,7943.85,Month-to-month,DSL,No,Yes,Electronic check,0,No,No,1
4,829.39,3270.08,One year,Fiber optic,No,Yes,Electronic check,0,No,No,1
33,892.42,29373.45,Month-to-month,DSL,No,No,Credit card,1,Yes,No,1
39,682.51,26624.37,One year,Fiber optic,Yes,Yes,Credit card,1,Yes,Yes,0
72,880.74,63429.9,Month-to-month,Fiber optic,Yes,No,Bank transfer,0,No,No,0
12,697.04,8382.74,Month-to-month,No,No,Yes,Mailed check,0,No,No,0
11,986.47,10925.1,One year,No,No,No,Electronic check,0,Yes,No,1
35,689.12,24032.4,Month-to-month,Fiber optic,No,Yes,Credit card,0,No,No,1
10,913.13,9174.29,Month-to-month,Fiber optic,Yes,No,Mailed check,0,No,No,0
64,791.22,50583.32,Month-to-month,No,Yes,Yes,Electronic check,0,No,No,0
46,1137.82,52382.28,Month-to-month,No,No,Yes,Mailed check,0,Yes,No,0
13,784.58,10175.82,Month-to-month,DSL,No,Yes,Credit card,0,Yes,No,1
33,268.09,8806.28,Month-to-month,DSL,Yes,Yes,Credit card,0,No,Yes,0
33,1178.58,38862.53,Two year,Fiber optic,No,Yes,Electronic check,0,No,No,0
2,528.28,984.28,Month-to-month,DSL,No,Yes,Credit card,0,Yes,No,1
55,603.87,33214.88,Month-to-month,DSL,No,Yes,Electronic check,0,Yes,No,1
16,621.3,9902.19,Month-to-month,DSL,No,No,Electronic check,0,Yes,No,1
42,1212.33,50957.23,Month-to-month,Fiber optic,No,No,Credit card,0,Yes,No,1
9,200.0,1832.0,Two year,DSL,No,No,Credit card,0,No,Yes,0
54,1741.32,94115.93,Month-to-month,DSL,No,Yes,Bank transfer,0,No,No,0
11,1116.82,12303.3,Two year,DSL,No,Yes,Bank transfer,0,Yes,No,1
0,866.97,26.03,Month-to-month,No,No,Yes,Credit card,0,Yes,No,1
56,783.53,43947.79,One year,No,No,No,Credit card,0,No,No,0
2,885.67,1739.95,Month-to-month,Fiber optic,No,Yes,Credit card,0,Yes,Yes,1
9,956.34,8532.62,Two year,Fiber optic,No,Yes,Bank transfer,0,No,No,0
71,993.56,70553.1,One year,No,No,No,Credit card,0,No,No,0
72,966.68,69529.92,Month-to-month,DSL,No,Yes,Credit card,0,No,No,0
20,826.87,16660.18,Month-to-month,DSL,Yes,No,Electronic check,0,Yes,No,1
23,740.8,17111.14,Month-to-month,DSL,Yes,No,Credit card,0,Yes,No,0
14,754.62,10672.85,Two year,DSL,No,Yes,Mailed check,0,No,No,0
8,741.53,5935.34,Month-to-month,Fiber optic,No,Yes,Mailed check,0,Yes,No,1
9,1140.13,10288.71,Month-to-month,No,No,Yes,Bank transfer,0,Yes,No,1
26,978.07,25406.77,One year,Fiber optic,No,No,Electronic check,0,No,No,0
33,200.0,6644.15,Month-to-month,Fiber optic,No,Yes,Mailed check,0,No,No,0
37,996.77,36819.72,Two year,No,No,No,Credit card,0,No,No,0
37,858.42,31634.42,One year,DSL,Yes,Yes,Electronic check,1,Yes,Yes,0
2,794.39,1549.24,One year,DSL,No,Yes,Mailed check,1,No,No,1
16,683.44,10862.34,Two year,Fiber optic,No,Yes,Credit card,0,No,Yes,0
1,1137.23,1211.13,Month-to-month,Fiber optic,Yes,No,Mailed check,0,Yes,Yes,1
19,1084.26,20691.68,Month-to-month,DSL,No,Yes,Mailed check,0,No,No,1
13,568.14,7315.63,Month-to-month,Fiber optic,No,No,Mailed check,1,Yes,No,1
52,922.12,48014.6,Month-to-month,Fiber optic,Yes,Yes,Mailed check,0,Yes,No,0
10,508.5,5132.6,One year,Fiber optic,Yes,Yes,Bank transfer,0,Yes,Yes,0
2,386.11,693.74,Two year,Fiber optic,No,No,Credit card,0,No,No,0
3,611.98,1816.44,Month-to-month,DSL,No,No,Mailed check,0,No,No,1
34,1058.72,35967.41,Month-to-month,DSL,Yes,Yes,Credit card,0,Yes,No,1
23,1085.94,25013.96,Two year,Fiber optic,Yes,Yes,Mailed check,0,Yes,No,0
2,953.93,1846.41,Month-to-month,DSL,No,No,Electronic check,0,Yes,No,0
2,1017.53,2030.11,Month-to-month,No,No,Yes,Bank transfer,0,Yes,Yes,1
28,954.85,26701.6,Month-to-month,Fiber optic,No,Yes,Bank transfer,1,Yes,No,1
1,607.56,631.22,Two year,DSL,Yes,No,Bank transfer,0,Yes,No,0
41,929.58,38101.81,One year,Fiber optic,No,Yes,Electronic check,0,Yes,No,1
29,1040.12,30136.8,One year,Fiber optic,No,Yes,Electronic check,0,No,Yes,0
2,1026.29,2041.91,Two year,DSL,No,Yes,Electronic check,0,No,No,0
2,1156.67,2415.15,Month-to-month,No,No,No,Electronic check,0,No,No,0
72,1012.49,72878.52,Month-to-month,No,No,No,Bank transfer,0,Yes,Yes,0
11,905.43,9907.73,Two year,Fiber optic,No,Yes,Electronic check,0,Yes,No,0
11,1121.05,12360.67,Month-to-month,DSL,No,Yes,Bank transfer,0,Yes,No,0
40,792.04,31674.57,One year,Fiber optic,No,Yes,Electronic check,0,Yes,No,1
70,535.44,37409.87,Two year,Fiber optic,No,No,Electronic check,1,Yes,No,0
72,751.08,54189.33,One year,DSL,No,Yes,Mailed check,0,No,Yes,0
33,576.53,19007.84,One year,DSL,No,No,Electronic check,0,No,No,1
11,597.45,6553.02,Two year,No,Yes,Yes,Credit card,0,Yes,No,1
2,756.64,1521.28,Two year,DSL,No,No,Electronic check,0,Yes,No,0
36,562.27,20328.37,Month-to-month,Fiber optic,Yes,Yes,Mailed check,0,No,No,0
19,707.61,13360.63,Month-to-month,Fiber optic,No,No,Credit card,0,Yes,Yes,1
13,231.92,3028.7,Month-to-month,Fiber optic,Yes,Yes,Bank transfer,0,No,No,1
56,863.99,48487.7,One year,DSL,No,Yes,Electronic check,0,No,No,0
2,800.36,1607.16,Month-to-month,No,No,No,Mailed check,0,No,Yes,1
16,554.87,8816.21,One year,Fiber optic,No,No,Bank transfer,0,Yes,No,1
0,997.77,0.0,Month-to-month,Fiber optic,No,Yes,Credit card,1,Yes,No,1
15,1081.27,16229.41,One year,Fiber optic,No,No,Credit card,0,Yes,No,0
1,317.73,384.27,Month-to-month,Fiber optic,No,Yes,Electronic check,0,No,No,1
3,571.18,1696.58,One year,No,No,No,Credit card,0,No,No,1
3,569.26,1749.1,Month-to-month,Fiber optic,Yes,Yes,Electronic check,0,No,No,0
25,518.03,12878.96,Month-to-month,Fiber optic,No,Yes,Electronic check,0,No,Yes,1
32,1048.84,33490.77,Month-to-month,No,No,Yes,Credit card,1,No,No,0
21,741.85,15554.76,One year,Fiber optic,Yes,Yes,Electronic check,0,No,Yes,1
72,720.65,51958.38,Month-to-month,DSL,No,No,Electronic check,0,No,No,0
11,200.0,2203.44,Month-to-month,DSL,No,Yes,Electronic check,0,No,Yes,1
8,990.63,7939.49,Two year,No,No,Yes,Mailed check,0,No,Yes,1
48,428.22,20568.58,One year,Fiber optic,No,Yes,Bank transfer,0,Yes,Yes,0
6,817.98,4963.34,Two year,Fiber optic,No,No,Bank transfer,0,No,No,0
72,883.21,63560.83,Month-to-month,Fiber optic,Yes,Yes,Electronic check,0,Yes,No,0
0,1208.2,34.41,Month-to-month,DSL,Yes,Yes,Mailed check,1,Yes,No,1
72,407.35,29287.94,Two year,Fiber optic,No,No,Credit card,0,No,Yes,0
1,200.0,299.16,Month-to-month,DSL,Yes,Yes,Credit card,0,No,No,0
53,855.15,45283.19,One year,Fiber optic,Yes,No,Electronic check,0,No,No,0
18,1340.15,24078.64,Month-to-month,Fiber optic,No,No,Credit card,0,Yes,No,0
72,1171.68,84388.72,Month-to-month,Fiber optic,No,Yes,Bank transfer,0,No,No,1
1,862.9,866.89,Month-to-month,Fiber optic,No,No,Electronic check,0,Yes,No,1
19,652.51,12414.02,Month-to-month,No,No,No,Electronic check,0,No,No,1
72,1042.14,75045.21,Month-to-month,Fiber optic,No,Yes,Electronic check,0,Yes,Yes,0
17,507.94,8580.39,Month-to-month,DSL,No,Yes,Bank transfer,0,No,Yes,1
23,942.91,21767.54,Two year,DSL,No,No,Electronic check,0,No,No,0
28,951.64,26690.63,Month-to-month,Fiber optic,No,Yes,Mailed check,0,Yes,No,0
14,1118.06,15720.83,One year,No,No,No,Electronic check,1,No,Yes,0
23,1627.9,37415.24,Two year,No,No,Yes,Credit card,0,No,No,0
21,917.72,19293.05,One year,No,Yes,Yes,Electronic check,0,Yes,No,0
55,647.31,35611.97,Month-to-month,DSL,No,Yes,Credit card,0,Yes,No,0
1,792.33,848.73,One year,Fiber optic,No,Yes,Credit card,0,Yes,No,1
7,269.28,1942.95,One year,Fiber optic,No,Yes,Electronic check,0,Yes,Yes,0
72,591.59,42603.85,One year,DSL,No,No,Mailed check,0,No,No,0
53,677.22,35816.51,One year,DSL,No,No,Electronic check,1,No,Yes,0
14,642.77,9087.81,Two year,No,Yes,No,Credit card,1,Yes,No,0
23,845.71,19479.05,One year,DSL,Yes,No,Mailed check,0,Yes,Yes,0
7,553.27,3842.5,Month-to-month,DSL,No,No,Electronic check,0,No,No,1
5,1136.31,5701.87,One year,DSL,No,Yes,Electronic check,0,Yes,No,0
14,800.06,11125.31,Month-to-month,No,Yes,No,Mailed check,0,Yes,No,0
10,797.21,8024.87,Two year,Fiber optic,No,Yes,Credit card,0,Yes,Yes,0
21,701.63,14660.7,Month-to-month,Fiber optic,Yes,No,Bank transfer,0,No,Yes,1
1,846.56,835.52,Month-to-month,No,No,No,Credit card,0,No,Yes,1
72,1047.53,75434.35,Two year,DSL,Yes,Yes,Mailed check,0,No,No,0
72,539.86,38921.93,One year,Fiber optic,No,Yes,Electronic check,0,Yes,No,0
28,602.57,16877.15,Month-to-month,DSL,No,Yes,Credit card,0,No,No,1
18,708.88,12791.63,Month-to-month,DSL,No,Yes,Electronic check,0,No,Yes,1
8,396.24,3168.5,Two year,No,No,Yes,Credit card,0,No,Yes,0
40,554.22,22167.3,Month-to-month,Fiber optic,No,Yes,Mailed check,0,Yes,Yes,0
27,657.13,17746.88,Two year,Fiber optic,No,Yes,Electronic check,0,No,No,0
4,1062.32,4239.81,Month-to-month,Fiber optic,No,No,Bank transfer,0,No,No,1
58,878.77,50884.24,One year,Fiber optic,No,No,Credit card,0,Yes,No,1
41,858.08,35142.74,Two year,DSL,No,No,Credit card,0,Yes,No,0
71,1055.27,74936.37,Month-to-month,DSL,No,No,Electronic check,0,No,Yes,0
31,758.79,23509.99,Month-to-month,DSL,No,Yes,Electronic check,0,No,Yes,1
22,917.14,20169.28,Month-to-month,DSL,Yes,Yes,Bank transfer,0,No,No,0
13,769.03,9981.27,One year,No,No,No,Bank transfer,0,No,No,0
64,879.61,56251.78,Month-to-month,DSL,Yes,No,Bank transfer,1,No,No,0
48,625.17,29983.62,One year,DSL,Yes,Yes,Electronic check,0,Yes,Yes,0
1,200.0,184.66,Month-to-month,Fiber optic,Yes,No,Credit card,1,Yes,Yes,1
0,759.72,0.26,Month-to-month,No,Yes,No,Bank transfer,1,No,Yes,0
11,1226.82,13514.74,Month-to-month,DSL,Yes,No,Credit card,0,Yes,Yes,0
39,1077.86,42027.69,Month-to-month,DSL,No,No,Mailed check,0,Yes,Yes,0
72,1089.62,78401.1,One year,Fiber optic,Yes,Yes,Mailed check,0,No,No,0
3,1170.84,3442.61,Two year,Fiber optic,No,No,Credit card,0,No,Yes,0
21,826.6,17488.41,One year,Fiber optic,Yes,No,Bank transfer,0,Yes,Yes,1
11,859.19,9394.65,Month-to-month,No,No,Yes,Credit card,0,Yes,No,0
72,614.7,44232.79,Two year,No,No,No,Credit card,0,Yes,No,0
44,705.18,31053.69,One year,Fiber optic,No,Yes,Bank transfer,0,Yes,No,0
43,984.73,42361.49,Two year,Fiber optic,No,Yes,Mailed check,0,No,No,0
15,1161.17,17443.52,Month-to-month,Fiber optic,No,Yes,Electronic check,1,Yes,No,1
12,758.17,9075.86,Month-to-month,DSL,No,Yes,Electronic check,0,No,Yes,1
7,664.94,4666.53,Month-to-month,No,Yes,Yes,Electronic check,0,No,No,0
1,800.16,803.23,One year,Fiber optic,No,No,Electronic check,0,No,Yes,1
48,980.36,47041.77,Month-to-month,DSL,No,Yes,Electronic check,0,Yes,Yes,0
40,366.84,14686.01,Month-to-month,Fiber optic,No,Yes,Electronic check,0,No,No,1
72,200.0,14452.77,Month-to-month,DSL,No,Yes,Mailed check,1,Yes,No,0
72,634.84,45707.29,One year,Fiber optic,No,Yes,Mailed check,0,Yes,No,0
19,433.79,8241.16,One year,Fiber optic,No,No,Electronic check,1,No,No,1
35,647.56,22717.94,Month-to-month,Fiber optic,No,No,Electronic check,0,No,No,0
69,755.67,52189.02,Month-to-month,No,No,No,Bank transfer,0,No,No,0
45,664.03,29960.34,One year,DSL,Yes,No,Mailed check,0,Yes,No,1
6,1235.74,7326.63,Two year,Fiber optic,No,Yes,Mailed check,0,Yes,No,0
14,898.02,12617.58,One year,Fiber optic,No,No,Bank transfer,1,No,No,0
3,890.14,2700.51,Two year,Fiber optic,Yes,No,Credit card,0,No,Yes,0
72,986.66,70995.39,One year,Fiber optic,Yes,Yes,Mailed check,0,No,No,0
22,458.35,10096.28,One year,Fiber optic,No,No,Bank transfer,0,No,No,1
6,1111.73,6722.96,Month-to-month,Fiber optic,No,No,Credit card,0,Yes,Yes,1
26,777.27,20167.58,One year,DSL,Yes,No,Credit card,0,No,No,0
23,1001.14,23048.44,One year,No,No,Yes,Mailed check,0,Yes,No,1
10,478.44,4828.0,One year,Fiber optic,Yes,No,Bank transfer,0,No,Yes,0
2,333.87,614.19,Month-to-month,Fiber optic,No,Yes,Electronic check,0,No,Yes,1
26,1045.37,27172.43,Month-to-month,DSL,No,Yes,Bank transfer,0,No,No,1
17,912.92,15534.74,Month-to-month,DSL,No,Yes,Credit card,0,No,No,1
35,529.38,18488.65,Month-to-month,Fiber optic,No,Yes,Mailed check,0,Yes,No,1
17,539.1,9120.76,Month-to-month,No,No,Yes,Credit card,1,No,Yes,0
45,1137.63,51186.62,Two year,Fiber optic,No,Yes,Mailed check,0,Yes,Yes,0
19,443.18,8460.43,Month-to-month,No,Yes,No,Credit card,0,Yes,No,1
19,1292.8,24595.42,Month-to-month,Fiber optic,No,No,Bank transfer,1,Yes,No,0
50,529.81,26447.62,Month-to-month,Fiber optic,No,No,Electronic check,0,No,No,1
12,991.52,11930.82,One year,DSL,No,Yes,Bank transfer,0,Yes,No,1
3,701.41,2062.45,Month-to-month,No,No,Yes,Electronic check,0,Yes,No,1
0,980.96,0.0,Month-to-month,DSL,Yes,No,Electronic check,0,No,Yes,1
33,636.77,20994.91,One year,No,Yes,Yes,Credit card,0,No,Yes,0
23,751.16,17332.88,Month-to-month,No,Yes,No,Electronic check,0,Yes,No,0
29,812.28,23588.79,Two year,No,No,No,Credit card,0,Yes,No,0
5,499.34,2496.64,Two year,Fiber optic,No,Yes,Electronic check,0,No,No,1
3,1022.25,3045.91,Month-to-month,Fiber optic,No,No,Electronic check,0,No,No,1
0,646.04,0.0,Month-to-month,Fiber optic,No,No,Credit card,0,Yes,No,0
10,731.42,7319.64,One year,DSL,No,Yes,Mailed check,0,No,Yes,1
21,501.7,10482.18,Month-to-month,Fiber optic,No,Yes,Bank transfer,0,No,Yes,1
11,200.0,2182.59,Month-to-month,DSL,Yes,Yes,Bank transfer,0,No,Yes,1
13,742.69,9644.21,Month-to-month,Fiber optic,No,Yes,Bank transfer,0,No,Yes,1
56,1523.78,85264.39,Two year,DSL,Yes,Yes,Credit card,0,No,No,0
10,1035.38,10311.89,Month-to-month,DSL,Yes,Yes,Bank transfer,1,No,Yes,0
17,794.22,13522.3,One year,Fiber optic,No,Yes,Mailed check,1,Yes,Yes,0
36,721.13,25961.25,One year,Fiber optic,No,No,Credit card,0,No,No,1
12,806.74,9665.44,Month-to-month,Fiber optic,No,Yes,Electronic check,0,No,No,1
23,964.14,22129.55,Month-to-month,DSL,No,Yes,Mailed check,0,Yes,No,0
47,445.76,21029.38,Two year,Fiber optic,No,Yes,Credit card,1,No,No,0
71,1134.3,80493.15,Month-to-month,DSL,No,Yes,Bank transfer,0,Yes,No,0
3,1014.61,3056.42,One year,Fiber optic,No,Yes,Credit card,0,Yes,No,0
62,1015.46,62933.86,Month-to-month,Fiber optic,No,Yes,Bank transfer,0,Yes,Yes,0
16,931.54,14906.5,Month-to-month,Fiber optic,No,Yes,Credit card,0,No,Yes,0
7,805.88,5664.08,Month-to-month,Fiber optic,Yes,No,Credit card,0,No,No,1
14,1001.86,13957.5,Month-to-month,DSL,No,No,Electronic check,0,Yes,No,0
72,977.54,70382.85,Month-to-month,Fiber optic,No,Yes,Electronic check,0,No,No,1
16,693.79,11160.14,Two year,Fiber optic,No,Yes,Mailed check,0,Yes,Yes,0
9,627.92,5739.35,Month-to-month,Fiber optic,No,No,Bank transfer,0,No,No,1
24,830.56,19926.86,Month-to-month,Fiber optic,No,No,Electronic check,0,No,No,1
6,1264.71,7590.32,Month-to-month,DSL,Yes,Yes,Electronic check,0,No,No,1
1,428.27,538.83,One year,Fiber optic,No,No,Electronic check,0,No,Yes,1
3,359.74,1135.97,Month-to-month,Fiber optic,No,Yes,Credit card,0,Yes,No,1
3,849.43,2517.42,One year,DSL,Yes,Yes,Bank transfer,0,No,No,0
3,815.27,2414.85,Month-to-month,DSL,No,No,Mailed check,0,No,No,1
3,852.0,2603.83,Month-to-month,DSL,No,No,Electronic check,0,Yes,Yes,1
24,873.19,20905.91,Month-to-month,No,Yes,No,Mailed check,0,No,No,0
4,733.04,2986.54,Two year,Fiber optic,No,Yes,Electronic check,0,No,Yes,0
10,1246.96,12486.31,Month-to-month,DSL,No,Yes,Electronic check,0,Yes,Yes,0
54,319.73,17291.24,Month-to-month,Fiber optic,No,Yes,Credit card,0,No,No,1
15,551.45,8258.93,Month-to-month,Fiber optic,No,Yes,Credit card,0,No,Yes,1
26,769.02,19963.12,Two year,No,Yes,No,Electronic check,0,No,No,0
4,307.04,1301.27,Month-to-month,DSL,Yes,No,Electronic check,0,Yes,No,1
5,747.24,3723.88,Month-to-month,DSL,No,No,Electronic check,0,Yes,Yes,0
1,1298.44,1277.89,Month-to-month,No,No,No,Mailed check,0,Yes,No,1
4,806.27,3221.06,Month-to-month,DSL,No,Yes,Electronic check,0,No,No,1
7,869.21,6094.12,One year,DSL,No,No,Electronic check,0,No,Yes,0
4,421.95,1636.26,One year,No,No,No,Electronic check,0,No,No,0
2,615.09,1201.94,Month-to-month,Fiber optic,No,Yes,Bank transfer,0,Yes,No,1
3,687.44,2031.42,Month-to-month,DSL,Yes,No,Bank transfer,1,Yes,No,0
14,704.69,9907.86,Month-to-month,DSL,Yes,Yes,Bank transfer,1,No,Yes,0
5,1184.49,5878.17,Month-to-month,DSL,Yes,No,Mailed check,0,No,No,0
10,967.31,9585.28,Month-to-month,DSL,No,Yes,Credit card,0,No,Yes,0
16,466.56,7366.65,One year,No,Yes,Yes,Credit card,0,No,No,0
28,873.95,24397.12,Two year,Fiber optic,No,No,Electronic check,0,No,No,0
0,949.47,68.08,Two year,Fiber optic,No,No,Electronic check,0,No,No,0
38,1142.04,43398.51,Two year,No,No,Yes,Mailed check,0,No,No,1
23,1274.16,29330.79,One year,Fiber optic,No,Yes,Electronic check,1,Yes,No,0
2,495.47,1017.77,One year,DSL,No,Yes,Mailed check,0,No,No,1
49,556.74,27283.2,Month-to-month,Fiber optic,No,Yes,Bank transfer,0,No,No,0
60,422.73,25359.86,One year,No,No,No,Mailed check,0,Yes,No,1
1,729.79,782.02,Month-to-month,No,No,No,Electronic check,0,Yes,Yes,1
7,939.91,6586.65,Month-to-month,DSL,No,Yes,Mailed check,1,Yes,Yes,1
39,1096.2,42821.77,One year,Fiber optic,No,No,Credit card,0,No,No,0
33,777.21,25679.13,Month-to-month,Fiber optic,No,Yes,Electronic check,0,Yes,No,1
4,704.05,2785.29,Month-to-month,No,No,No,Bank transfer,0,Yes,Yes,1
5,845.53,4202.78,Two year,DSL,No,Yes,Electronic check,0,No,Yes,0
11,549.46,6007.66,Month-to-month,Fiber optic,No,Yes,Electronic check,0,Yes,Yes,1
15,1426.86,21463.8,Month-to-month,No,No,No,Bank transfer,0,No,No,1
23,317.7,7286.89,Two year,Fiber optic,No,Yes,Electronic check,0,No,No,0
11,855.42,9369.72,One year,Fiber optic,No,No,Electronic check,0,No,No,1
14,1407.08,19715.14,Month-to-month,DSL,No,No,Electronic check,0,Yes,No,0
33,802.04,26462.46,Month-to-month,DSL,No,Yes,Bank transfer,0,Yes,No,0
0,742.99,14.73,Month-to-month,DSL,No,Yes,Bank transfer,1,Yes,No,1
6,692.77,4251.09,Two year,No,No,No,Electronic check,0,No,Yes,0
29,745.88,21676.25,One year,DSL,Yes,No,Bank transfer,0,No,Yes,0
54,1211.85,65441.5,Month-to-month,Fiber optic,No,Yes,Electronic check,1,Yes,No,0
17,200.0,3329.58,Month-to-month,Fiber optic,No,Yes,Bank transfer,1,No,No,1
18,1260.03,22655.54,Month-to-month,DSL,Yes,No,Mailed check,0,Yes,No,1
2,372.81,781.18,Two year,Fiber optic,No,Yes,Bank transfer,0,No,No,0
14,720.0,10021.51,Month-to-month,Fiber optic,No,Yes,Credit card,0,No,No,1
18,671.23,12189.13,One year,No,No,Yes,Credit card,0,No,Yes,1
6,976.57,5860.12,Month-to-month,Fiber optic,No,No,Electronic check,0,No,Yes,1
7,320.56,2246.38,One year,Fiber optic,No,No,Credit card,0,No,No,1
11,938.65,10291.84,Two year,DSL,No,No,Electronic check,0,No,No,0
0,1407.29,24.84,One year,No,No,No,Credit card,0,No,No,0
9,391.05,3461.53,Month-to-month,DSL,Yes,No,Electronic check,1,No,No,1
5,856.91,4392.8,One year,Fiber optic,No,Yes,Mailed check,0,No,No,1
9,601.41,5478.52,One year,DSL,No,No,Electronic check,0,No,No,1
3,927.77,2832.51,Month-to-month,No,No,Yes,Electronic check,0,No,Yes,1
53,805.74,42634.93,Two year,Fiber optic,No,No,Bank transfer,1,No,Yes,0
21,607.55,12768.9,One year,Fiber optic,No,Yes,Credit card,0,No,Yes,1
27,946.36,25612.22,Two year,DSL,No,Yes,Bank transfer,0,Yes,No,0
37,1341.3,49657.92,One year,Fiber optic,No,No,Bank transfer,1,Yes,Yes,0
16,742.73,11833.56,Month-to-month,Fiber optic,No,No,Bank transfer,0,Yes,No,1
2,1015.93,1999.35,Month-to-month,Fiber optic,No,Yes,Electronic check,0,No,No,1
18,412.02,7393.73,Month-to-month,DSL,No,No,Electronic check,1,Yes,No,1
21,513.07,10744.28,Two year,No,Yes,Yes,Electronic check,1,No,Yes,1
32,941.72,30211.54,One year,No,No,Yes,Mailed check,0,No,Yes,0
13,1245.23,16092.0,One year,DSL,Yes,No,Electronic check,0,No,No,0
3,906.68,2752.85,Month-to-month,No,Yes,Yes,Electronic check,0,Yes,Yes,1
8,706.08,5584.05,Month-to-month,Fiber optic,No,No,Electronic check,0,No,Yes,1
10,799.79,7949.81,One year,Fiber optic,No,Yes,Electronic check,0,No,Yes,1
24,424.88,10096.58,Month-to-month,DSL,No,No,Credit card,0,No,Yes,1
20,981.35,19599.64,Month-to-month,Fiber optic,No,No,Electronic check,0,Yes,Yes,1
10,1064.7,10722.54,One year,Fiber optic,No,Yes,Mailed check,0,No,No,0
72,664.37,47848.09,Month-to-month,Fiber optic,No,Yes,Bank transfer,0,No,No,0
22,658.99,14437.8,Month-to-month,Fiber optic,No,No,Mailed check,0,No,No,0
6,879.76,5329.44,Month-to-month,Fiber optic,No,No,Electronic check,0,No,Yes,1
2,668.98,1399.53,Month-to-month,Fiber optic,No,Yes,Electronic check,0,No,No,1
3,780.16,2345.68,Two year,DSL,No,Yes,Electronic check,0,No,No,0
6,1429.92,8681.24,Month-to-month,No,No,Yes,Mailed check,0,No,Yes,0
4,725.89,2944.65,Month-to-month,Fiber optic,Yes,Yes,Electronic check,0,No,No,1
4,692.5,2804.12,Month-to-month,DSL,Yes,Yes,Bank transfer,0,No,Yes,0
8,605.74,4805.73,One year,DSL,Yes,Yes,Bank transfer,0,Yes,No,0
4,1023.26,4124.4,Month-to-month,Fiber optic,Yes,No,Mailed check,0,Yes,No,1
54,745.63,40275.01,One year,No,No,No,Mailed check,0,Yes,No,0
2,605.19,1236.37,Month-to-month,Fiber optic,Yes,No,Mailed check,0,Yes,Yes,1
17,1196.39,20304.42,Month-to-month,Fiber optic,Yes,No,Credit card,0,Yes,No,0
12,1225.88,14716.98,Month-to-month,DSL,Yes,No,Electronic check,1,Yes,Yes,1
72,619.87,44590.01,Two year,Fiber optic,Yes,Yes,Bank transfer,0,No,No,0
2,240.04,372.72,Two year,No,Yes,No,Bank transfer,0,Yes,No,0
12,1102.25,13276.96,Month-to-month,Fiber optic,No,No,Mailed check,0,Yes,Yes,1
72,594.61,42736.88,Month-to-month,DSL,No,No,Electronic check,0,No,No,0
48,1037.19,49790.37,Two year,Fiber optic,Yes,Yes,Mailed check,0,No,No,0
40,208.97,8375.4,Month-to-month,DSL,No,No,Electronic check,0,No,No,1
7,1067.78,7490.78,Two year,Fiber optic,No,No,Electronic check,0,No,Yes,0
4,436.65,1732.44,Month-to-month,Fiber optic,Yes,No,Electronic check,0,Yes,No,1
26,1019.23,26513.52,Two year,Fiber optic,No,Yes,Electronic check,0,Yes,No,0
63,804.28,50693.31,One year,DSL,No,No,Mailed check,0,Yes,No,0
19,513.82,9799.29,Two year,No,No,No,Credit card,0,Yes,No,1
20,677.89,13644.45,One year,Fiber optic,No,Yes,Electronic check,0,Yes,No,0
7,1005.9,7052.98,Month-to-month,Fiber optic,Yes,No,Credit card,0,No,No,1
35,831.77,29115.09,Two year,Fiber optic,No,Yes,Credit card,0,Yes,Yes,0
4,975.32,3855.96,Month-to-month,Fiber optic,No,No,Credit card,0,Yes,No,1
9,1392.93,12558.19,Month-to-month,Fiber optic,No,No,Credit card,1,Yes,No,1
13,330.73,4332.83,One year,Fiber optic,Yes,Yes,Mailed check,0,No,No,1
17,1285.16,21838.17,One year,Fiber optic,No,Yes,Electronic check,0,Yes,No,0
6,831.31,5015.07,Two year,DSL,No,No,Bank transfer,0,Yes,Yes,0
2,530.36,1046.1,Month-to-month,No,No,Yes,Bank transfer,0,Yes,No,1
22,400.91,8853.48,One year,Fiber optic,Yes,Yes,Credit card,0,Yes,No,1
8,743.26,5991.74,One year,DSL,No,No,Credit card,0,Yes,Yes,0
20,1076.5,21574.83,Month-to-month,Fiber optic,No,Yes,Mailed check,1,No,No,1
4,761.74,3052.83,Month-to-month,No,No,Yes,Electronic check,0,Yes,No,1
15,1253.35,18748.2,Month-to-month,No,No,No,Electronic check,0,No,Yes,0
18,364.65,6533.06,Month-to-month,Fiber optic,No,Yes,Electronic check,0,No,Yes,1
1,796.37,826.13,Two year,DSL,No,Yes,Mailed check,0,No,No,0
9,424.28,3940.98,One year,Fiber optic,No,No,Bank transfer,0,Yes,No,1
3,909.09,2710.23,One year,DSL,No,No,Credit card,0,Yes,Yes,0
1,1066.07,1088.86,Two year,No,No,No,Mailed check,0,Yes,No,0
72,673.77,48483.74,Month-to-month,DSL,Yes,No,Credit card,0,No,No,0
9,200.0,1751.3,Two year,DSL,No,No,Bank transfer,0,No,No,0
39,859.68,33493.88,Month-to-month,Fiber optic,No,Yes,Credit card,0,Yes,No,1
7,931.02,6413.03,Two year,Fiber optic,No,Yes,Electronic check,0,No,No,0
27,921.29,24942.46,Month-to-month,Fiber optic,No,Yes,Credit card,0,No,No,1
34,1170.73,39693.47,Two year,Fiber optic,No,Yes,Bank transfer,1,No,Yes,0
21,478.68,10039.17,Month-to-month,DSL,No,No,Electronic check,0,Yes,No,1
15,1004.06,15002.07,Month-to-month,DSL,Yes,No,Electronic check,1,No,No,1
12,1157.75,13848.81,One year,Fiber optic,No,Yes,Credit card,0,Yes,Yes,1
10,266.42,2733.06,Month-to-month,DSL,Yes,No,Electronic check,0,No,No,1
63,895.9,56451.47,One year,Fiber optic,No,Yes,Mailed check,0,Yes,Yes,1
42,648.75,27199.06,Month-to-month,Fiber optic,No,Yes,Electronic check,1,Yes,No,1
72,775.54,55809.63,One year,Fiber optic,No,No,Bank transfer,0,No,No,0
3,904.3,2674.63,Month-to-month,No,No,Yes,Credit card,0,No,No,1
31,653.83,20266.6,Month-to-month,No,Yes,Yes,Mailed check,0,Yes,Yes,1
66,597.29,39429.62,Month-to-month,No,Yes,Yes,Mailed check,1,Yes,Yes,0
4,810.25,3335.76,Month-to-month,DSL,No,Yes,Credit card,1,No,No,1
1,473.83,378.01,Month-to-month,DSL,No,No,Credit card,1,No,No,1
32,474.25,15174.34,Month-to-month,DSL,Yes,No,Credit card,1,No,No,1
20,1003.81,20060.46,Month-to-month,No,No,Yes,Mailed check,0,No,Yes,1
44,455.36,20083.25,Month-to-month,No,No,Yes,Electronic check,0,Yes,Yes,0
3,999.89,3017.42,One year,No,No,No,Mailed check,0,No,No,1
38,938.78,35703.06,Two year,DSL,No,No,Bank transfer,0,No,No,0
5,282.26,1428.54,Month-to-month,No,No,Yes,Electronic check,0,No,Yes,1
4,596.73,2340.32,One year,Fiber optic,No,Yes,Electronic check,1,Yes,No,0
4,1158.23,4693.49,One year,DSL,No,No,Electronic check,0,No,No,0
40,505.65,20265.94,Month-to-month,Fiber optic,Yes,No,Mailed check,0,No,Yes,1
26,660.68,17223.42,One year,DSL,No,Yes,Credit card,1,No,No,0
17,938.62,16019.71,Month-to-month,Fiber optic,No,No,Electronic check,0,No,No,1
10,1035.02,10371.06,Month-to-month,DSL,No,Yes,Bank transfer,0,No,No,1
50,724.54,36300.97,Month-to-month,Fiber optic,No,Yes,Credit card,0,No,No,0
11,620.75,6847.1,One year,Fiber optic,Yes,Yes,Electronic check,0,Yes,No,1
40,1226.71,49057.49,One year,No,Yes,No,Bank transfer,0,Yes,Yes,0
13,1321.67,17181.38,Month-to-month,Fiber optic,No,Yes,Credit card,0,No,No,0
11,1093.66,12029.04,Month-to-month,Fiber optic,No,Yes,Credit card,0,No,No,1
14,825.6,11532.37,Two year,No,No,Yes,Electronic check,1,Yes,No,1
8,557.52,4541.76,Month-to-month,No,No,No,Electronic check,0,No,Yes,1
33,550.87,18193.42,Month-to-month,DSL,No,Yes,Electronic check,0,Yes,No,0
16,956.75,15312.8,Two year,Fiber optic,No,Yes,Bank transfer,1,Yes,No,0
6,925.52,5572.53,One year,DSL,No,Yes,Bank transfer,0,No,No,0
55,1220.48,67275.37,One year,DSL,No,No,Bank transfer,0,No,No,0
11,995.14,10889.9,One year,Fiber optic,No,Yes,Electronic check,0,Yes,No,1
18,349.08,6241.11,Two year,No,No,Yes,Electronic check,0,No,Yes,1
56,1115.58,62403.69,Month-to-month,DSL,Yes,Yes,Bank transfer,0,No,No,0
23,500.58,11501.75,Month-to-month,No,No,No,Mailed check,0,No,No,1
2,684.81,1381.89,Month-to-month,No,Yes,Yes,Bank transfer,0,Yes,No,1
67,875.06,58605.76,Two year,No,No,No,Mailed check,0,No,No,0
23,1398.7,32143.12,One year,DSL,Yes,No,Electronic check,0,Yes,No,0
9,1732.98,15603.9,Month-to-month,No,No,No,Electronic check,0,Yes,No,1
3,982.02,2920.95,Two year,DSL,No,Yes,Electronic check,0,No,Yes,0
37,745.04,27582.03,Month-to-month,Fiber optic,No,No,Electronic check,1,No,No,0
23,960.35,22143.8,Month-to-month,DSL,Yes,Yes,Electronic check,0,Yes,No,1
18,1066.3,19227.19,Month-to-month,DSL,Yes,Yes,Electronic check,0,No,Yes,0
53,703.8,37345.44,Month-to-month,Fiber optic,No,No,Electronic check,0,No,Yes,1
37,1338.56,49581.14,Two year,Fiber optic,Yes,Yes,Electronic check,0,No,Yes,0
3,869.02,2621.21,Month-to-month,DSL,No,Yes,Bank transfer,0,No,No,1
8,949.32,7586.65,Two year,DSL,No,Yes,Electronic check,0,Yes,No,0
6,999.78,5960.05,One year,Fiber optic,No,No,Bank transfer,0,No,Yes,1
32,926.48,29627.67,Month-to-month,DSL,No,Yes,Bank transfer,0,Yes,Yes,0
0,1051.68,0.0,Two year,No,No,No,Bank transfer,0,No,No,0
20,614.82,12333.06,Month-to-month,DSL,Yes,No,Credit card,0,Yes,No,0
34,632.51,21522.66,Month-to-month,DSL,Yes,No,Electronic check,0,Yes,Yes,0
50,469.95,23532.52,Month-to-month,Fiber optic,Yes,Yes,Bank transfer,0,No,No,1
10,931.85,9260.49,Two year,Fiber optic,Yes,No,Credit card,0,Yes,No,0
41,1033.68,42452.51,Month-to-month,Fiber optic,Yes,Yes,Credit card,0,Yes,No,0
2,937.33,1853.31,Month-to-month,DSL,No,Yes,Electronic check,0,No,No,1
44,1302.35,57248.3,Month-to-month,No,No,Yes,Electronic check,0,No,No,1
3,798.32,2373.0,Month-to-month,Fiber optic,No,Yes,Electronic check,0,No,Yes,1
12,1000.62,12131.66,One year,DSL,No,Yes,Bank transfer,0,Yes,Yes,0
38,472.49,17935.22,Month-to-month,Fiber optic,No,Yes,Bank transfer,0,Yes,No,1
3,683.87,2035.36,Month-to-month,No,No,Yes,Electronic check,0,Yes,No,1
6,1008.66,6042.36,Month-to-month,DSL,Yes,Yes,Mailed check,0,No,No,1
30,1054.73,31634.49,Month-to-month,DSL,No,No,Bank transfer,0,No,No,1
30,711.81,21315.22,Two year,Fiber optic,Yes,No,Mailed check,0,Yes,Yes,0
24,778.52,18691.65,Month-to-month,Fiber optic,Yes,No,Credit card,1,Yes,No,0
28,344.64,9703.64,Two year,Fiber optic,No,Yes,Bank transfer,1,Yes,No,0
18,692.89,12487.76,Month-to-month,DSL,No,Yes,Electronic check,1,Yes,No,1
6,1067.11,6347.13,Month-to-month,DSL,No,No,Bank transfer,1,Yes,No,1
10,972.56,9708.4,Two year,Fiber optic,Yes,Yes,Electronic check,0,No,No,1
4,950.2,3773.22,Month-to-month,DSL,No,No,Bank transfer,0,Yes,No,1
57,814.93,46453.78,One year,Fiber optic,No,Yes,Credit card,0,No,No,0
21,802.12,16911.02,Two year,Fiber optic,No,No,Credit card,0,No,No,0
12,601.9,7215.4,Month-to-month,DSL,No,Yes,Mailed check,1,Yes,Yes,1
14,1009.65,14130.67,Month-to-month,No,No,Yes,Electronic check,0,No,No,1
70,926.29,64929.31,One year,No,Yes,No,Electronic check,1,No,No,0
3,947.61,2886.63,Month-to-month,Fiber optic,No,Yes,Mailed check,0,Yes,No,1
21,642.19,13514.68,Month-to-month,DSL,No,Yes,Electronic check,0,No,No,1
16,200.0,3297.91,Month-to-month,DSL,No,Yes,Mailed check,0,Yes,No,1
22,1129.15,24865.7,Month-to-month,Fiber optic,No,No,Electronic check,0,No,No,1
0,656.35,0.0,One year,DSL,No,Yes,Electronic check,0,No,No,1
49,541.17,26558.83,Month-to-month,No,No,Yes,Electronic check,0,No,Yes,1
64,1008.04,64435.19,Month-to-month,DSL,No,Yes,Credit card,1,No,No,0
19,682.4,12988.13,One year,Fiber optic,No,Yes,Bank transfer,0,No,No,0
28,1117.98,31217.78,Month-to-month,Fiber optic,No,No,Electronic check,0,No,No,1
61,985.1,60067.87,Month-to-month,Fiber optic,Yes,Yes,Electronic check,0,No,No,1
29,1005.07,29128.86,One year,DSL,Yes,Yes,Mailed check,1,Yes,No,0
3,390.21,1132.13,Month-to-month,Fiber optic,No,Yes,Electronic check,0,No,No,1
20,1163.58,23254.22,One year,DSL,No,Yes,Mailed check,0,Yes,No,0
22,878.38,19375.88,Two year,No,No,Yes,Credit card,0,Yes,Yes,0
13,689.22,8924.12,Month-to-month,DSL,No,Yes,Bank transfer,0,No,No,1
32,843.02,27003.79,Month-to-month,No,Yes,Yes,Bank transfer,0,Yes,No,0
65,267.13,17315.13,Month-to-month,No,Yes,No,Mailed check,0,Yes,No,0
62,922.6,57191.47,Month-to-month,DSL,No,Yes,Credit card,1,No,Yes,0
14,491.19,6892.83,Two year,Fiber optic,Yes,No,Credit card,1,Yes,No,0
2,394.2,738.57,Two year,DSL,No,Yes,Mailed check,0,Yes,No,1
72,343.29,24651.46,Month-to-month,No,Yes,Yes,Electronic check,1,No,No,1
43,1133.81,48778.27,One year,Fiber optic,No,Yes,Mailed check,0,No,No,0
3,611.22,1889.82,Two year,DSL,No,Yes,Electronic check,0,No,Yes,0
60,1260.12,75603.15,Two year,Fiber optic,No,No,Bank transfer,0,No,No,0
48,639.26,30661.59,Month-to-month,DSL,No,No,Mailed check,0,No,No,0
17,287.79,4900.26,Month-to-month,No,Yes,No,Electronic check,0,No,No,1
21,465.04,9768.67,Month-to-month,DSL,No,No,Electronic check,0,No,Yes,1
12,1170.74,14061.07,Two year,Fiber optic,No,Yes,Mailed check,0,No,No,0
1,753.23,626.82,Month-to-month,Fiber optic,No,Yes,Credit card,0,No,No,1
9,635.51,5666.17,One year,No,No,No,Bank transfer,0,Yes,No,1
38,848.01,32181.95,Month-to-month,DSL,Yes,No,Bank transfer,0,Yes,No,0
0,950.53,7.54,Month-to-month,Fiber optic,No,Yes,Electronic check,0,Yes,No,1
9,1135.22,10226.27,Month-to-month,Fiber optic,No,Yes,Bank transfer,0,No,No,1
12,1234.55,14846.41,Two year,Fiber optic,No,Yes,Mailed check,1,Yes,Yes,0
18,692.07,12470.13,Month-to-month,DSL,Yes,No,Bank transfer,0,No,Yes,1
60,402.19,24066.1,One year,DSL,No,Yes,Electronic check,0,No,No,0
10,675.96,6831.95,Month-to-month,DSL,No,Yes,Mailed check,0,No,Yes,1
10,878.08,8844.44,Month-to-month,Fiber optic,Yes,Yes,Electronic check,0,Yes,No,1
32,510.87,16285.0,Month-to-month,DSL,No,No,Electronic check,1,No,Yes,1
14,512.85,7196.6,Month-to-month,Fiber optic,No,Yes,Credit card,0,Yes,Yes,1
6,903.14,5389.05,Month-to-month,DSL,No,No,Electronic check,0,No,Yes,1
14,785.4,11002.6,Month-to-month,No,No,Yes,Electronic check,1,No,No,1
3,809.84,2482.18,Month-to-month,No,No,No,Mailed check,0,Yes,No,1
4,572.45,2396.31,Month-to-month,Fiber optic,No,No,Credit card,0,No,No,1
16,730.88,11731.64,Two year,Fiber optic,No,Yes,Mailed check,0,Yes,No,0
13,522.73,6810.24,Two year,DSL,Yes,Yes,Bank transfer,0,No,No,0
59,1067.06,62939.52,Month-to-month,DSL,No,Yes,Credit card,0,Yes,No,0
10,1110.57,11114.85,One year,DSL,No,Yes,Electronic check,0,Yes,No,0
20,246.14,4990.86,Two year,Fiber optic,No,No,Mailed check,0,Yes,No,0
24,521.15,12505.29,Month-to-month,Fiber optic,No,Yes,Mailed check,0,Yes,No,1
0,351.04,0.0,Two year,No,No,Yes,Credit card,0,No,No,1
26,604.99,15648.83,Two year,Fiber optic,No,Yes,Electronic check,0,No,No,1
4,774.97,3125.53,Month-to-month,Fiber optic,No,Yes,Electronic check,0,No,No,1
72,365.11,26300.03,Month-to-month,Fiber optic,No,No,Bank transfer,0,Yes,No,0
3,523.44,1538.03,Two year,Fiber optic,Yes,Yes,Bank transfer,0,Yes,Yes,0
12,498.81,6037.05,Month-to-month,DSL,No,No,Mailed check,0,No,No,1
2,862.18,1703.27,Month-to-month,Fiber optic,No,No,Mailed check,0,Yes,Yes,1
72,820.8,59091.11,Month-to-month,Fiber optic,No,Yes,Electronic check,0,No,No,1
16,583.48,9334.83,Month-to-month,Fiber optic,No,Yes,Mailed check,0,No,No,1
21,853.05,17896.42,One year,No,No,No,Mailed check,0,Yes,No,1
1,636.0,647.79,One year,DSL,Yes,Yes,Credit card,0,No,Yes,1
33,718.5,23768.19,Two year,DSL,No,Yes,Electronic check,0,No,Yes,0
5,1302.04,6453.05,Month-to-month,Fiber optic,No,Yes,Credit card,0,No,Yes,1
54,1202.14,64939.9,Month-to-month,Fiber optic,Yes,Yes,Bank transfer,1,Yes,No,0
5,410.13,2059.24,Month-to-month,DSL,Yes,No,Electronic check,0,Yes,No,1
5,1048.92,5252.29,Month-to-month,Fiber optic,No,Yes,Bank transfer,0,Yes,No,1
0,1043.42,43.59,Month-to-month,No,No,Yes,Electronic check,0,Yes,No,1
15,455.52,6835.28,Two year,No,Yes,No,Credit card,1,Yes,No,0
19,1045.63,19891.04,Two year,DSL,No,No,Credit card,0,No,No,0
1,1261.38,1297.17,Month-to-month,No,No,Yes,Electronic check,0,No,Yes,1
35,463.24,16188.06,One year,Fiber optic,No,No,Electronic check,1,No,Yes,1
14,524.75,7361.45,Month-to-month,Fiber optic,No,Yes,Mailed check,0,Yes,No,1
17,1105.3,18777.53,Month-to-month,Fiber optic,No,No,Mailed check,0,No,No,1
13,881.45,11452.2,One year,No,Yes,Yes,Mailed check,0,Yes,No,0
12,965.44,11569.21,Month-to-month,Fiber optic,Yes,Yes,Electronic check,1,No,No,0
19,902.18,17164.91,Two year,Fiber optic,No,No,Bank transfer,0,No,No,0
4,917.21,3672.92,One year,Fiber optic,No,Yes,Electronic check,1,No,No,1
4,402.06,1627.96,Month-to-month,Fiber optic,No,No,Credit card,0,No,Yes,1
47,1114.2,52366.3,One year,DSL,No,Yes,Credit card,0,No,No,0
70,1150.88,80481.18,Month-to-month,No,No,No,Mailed check,0,Yes,No,0
11,731.18,8044.58,Month-to-month,Fiber optic,No,No,Credit card,0,Yes,Yes,0
7,786.96,5511.88,Month-to-month,Fiber optic,Yes,Yes,Electronic check,0,Yes,No,1
24,340.67,8188.16,Month-to-month,DSL,Yes,No,Electronic check,0,Yes,No,1
12,954.28,11421.63,One year,Fiber optic,No,Yes,Bank transfer,0,No,No,1
0,971.62,0.0,Month-to-month,DSL,Yes,No,Mailed check,0,Yes,No,1
4,781.34,3156.6,One year,DSL,Yes,Yes,Bank transfer,0,No,No,1
30,1137.31,34105.5,One year,Fiber optic,No,No,Credit card,1,Yes,No,0
25,699.78,17502.98,Month-to-month,Fiber optic,No,Yes,Credit card,0,Yes,No,0
0,969.38,0.0,Two year,Fiber optic,No,Yes,Bank transfer,0,No,Yes,0
6,494.1,2964.3,Month-to-month,DSL,Yes,Yes,Bank transfer,0,Yes,No,0
6,792.93,4735.14,Month-to-month,Fiber optic,Yes,Yes,Electronic check,1,No,No,1
26,747.69,19391.63,Month-to-month,DSL,No,No,Electronic check,0,No,Yes,1
0,867.59,23.69,Month-to-month,No,No,No,Bank transfer,0,Yes,No,1
2,689.14,1348.13,Month-to-month,Fiber optic,No,No,Mailed check,1,No,No,1
38,760.56,28909.41,One year,Fiber optic,No,Yes,Mailed check,1,Yes,No,0
4,1047.81,4211.78,Month-to-month,DSL,No,Yes,Electronic check,0,No,No,1
25,668.97,16694.93,Month-to-month,DSL,No,Yes,Bank transfer,0,No,No,1
6,318.03,1847.97,Two year,No,Yes,No,Electronic check,0,Yes,No,0
2,1324.88,2771.05,One year,DSL,No,No,Bank transfer,0,No,No,0
6,1214.44,7260.23,Two year,Fiber optic,No,Yes,Electronic check,1,Yes,No,0
30,412.32,12400.81,Month-to-month,Fiber optic,No,Yes,Electronic check,0,No,No,1
46,1006.91,46414.94,One year,DSL,No,Yes,Electronic check,0,No,No,0
42,649.11,27302.01,Two year,No,Yes,No,Electronic check,0,No,Yes,0
12,879.05,10533.53,One year,Fiber optic,No,No,Credit card,0,No,No,1
26,888.27,23091.59,One year,DSL,No,No,Electronic check,1,Yes,No,0
5,729.68,3606.76,Month-to-month,DSL,Yes,Yes,Electronic check,0,No,No,0
8,564.87,4563.05,Month-to-month,DSL,Yes,No,Mailed check,0,Yes,No,1
54,592.84,32041.55,Month-to-month,No,No,No,Mailed check,0,No,No,0
0,525.14,0.0,Month-to-month,Fiber optic,No,Yes,Electronic check,0,Yes,No,1
2,550.45,1048.8,Two year,DSL,Yes,Yes,Electronic check,0,No,No,0
5,779.85,3833.17,Month-to-month,DSL,No,Yes,Credit card,0,No,No,1
0,585.27,49.33,Two year,Fiber optic,Yes,Yes,Bank transfer,0,No,No,0
4,1004.62,4024.48,Two year,Fiber optic,No,No,Mailed check,1,Yes,No,0
20,1246.17,24934.23,Month-to-month,Fiber optic,No,Yes,Mailed check,0,No,No,0
13,625.98,8096.64,Month-to-month,Fiber optic,Yes,No,Electronic check,1,No,No,0
53,871.82,46133.36,Two year,DSL,No,Yes,Electronic check,0,No,Yes,0
40,949.91,38044.35,Two year,Fiber optic,Yes,Yes,Bank transfer,0,Yes,Yes,0
10,941.6,9418.11,Month-to-month,No,No,Yes,Credit card,0,No,Yes,1
7,822.79,5804.87,Month-to-month,DSL,Yes,Yes,Electronic check,0,Yes,No,1
11,1022.8,11231.56,Month-to-month,Fiber optic,No,Yes,Credit card,0,Yes,No,1
21,944.67,19826.33,One year,Fiber optic,Yes,Yes,Electronic check,0,Yes,No,0
7,428.7,3036.57,Month-to-month,Fiber optic,No,Yes,Electronic check,0,Yes,Yes,1
23,1060.75,24433.79,One year,DSL,No,Yes,Electronic check,1,Yes,No,0
12,1066.19,12834.13,Month-to-month,No,Yes,Yes,Electronic check,0,Yes,No,0
19,571.01,10834.51,Month-to-month,Fiber optic,No,Yes,Credit card,0,Yes,No,0
13,811.38,10578.68,Month-to-month,Fiber optic,Yes,Yes,Mailed check,0,No,No,1
8,1005.0,8095.44,Month-to-month,DSL,No,No,Electronic check,0,No,Yes,1
71,737.21,52336.38,Month-to-month,DSL,Yes,Yes,Credit card,0,Yes,No,0
34,1121.89,38118.7,Month-to-month,DSL,No,No,Credit card,0,No,Yes,0
3,1509.16,4594.62,Month-to-month,Fiber optic,No,Yes,Bank transfer,0,No,No,1
48,564.2,27049.08,Month-to-month,DSL,No,No,Credit card,0,No,No,0
16,385.69,6202.46,Month-to-month,Fiber optic,No,Yes,Electronic check,0,Yes,No,1
53,891.15,47227.79,Two year,Fiber optic,No,No,Credit card,0,Yes,No,0
38,1016.47,38533.73,Month-to-month,Fiber optic,No,Yes,Bank transfer,0,No,Yes,0
13,730.74,9556.05,Month-to-month,Fiber optic,No,No,Credit card,1,Yes,No,1
0,1235.98,0.0,One year,Fiber optic,No,Yes,Credit card,0,Yes,No,0
7,398.42,2689.72,Two year,DSL,Yes,Yes,Electronic check,0,Yes,Yes,1
18,1007.88,18168.13,Month-to-month,DSL,No,No,Bank transfer,0,Yes,No,0
24,618.24,14864.16,One year,Fiber optic,No,Yes,Electronic check,1,No,No,1
7,1315.81,9178.81,One year,Fiber optic,No,Yes,Electronic check,0,Yes,No,1
3,1397.75,4200.65,One year,DSL,No,Yes,Electronic check,0,No,No,1
43,570.0,24383.56,Month-to-month,Fiber optic,Yes,No,Credit card,1,No,Yes,1
72,635.13,45764.91,One year,DSL,No,No,Electronic check,0,No,No,0
17,1057.88,17996.38,Month-to-month,DSL,Yes,Yes,Mailed check,0,Yes,No,0
4,683.86,2733.16,One year,DSL,Yes,No,Mailed check,0,Yes,No,0
7,786.38,5505.68,One year,No,Yes,Yes,Credit card,0,No,No,0
0,807.62,24.66,Month-to-month,DSL,No,Yes,Electronic check,0,Yes,No,1
58,224.1,12996.24,Two year,DSL,Yes,No,Credit card,0,No,Yes,0
3,795.85,2293.84,Month-to-month,DSL,Yes,No,Credit card,0,Yes,No,1
20,593.08,11971.45,Two year,DSL,No,No,Mailed check,0,No,No,1
7,652.06,4624.48,Month-to-month,Fiber optic,Yes,Yes,Mailed check,1,No,No,1
19,1233.09,23364.46,Month-to-month,DSL,Yes,Yes,Bank transfer,0,No,No,0
25,423.05,10558.94,Month-to-month,DSL,Yes,Yes,Credit card,0,No,Yes,0
42,1043.96,43834.58,Two year,Fiber optic,No,Yes,Bank transfer,0,Yes,Yes,0
5,716.31,3635.5,Month-to-month,DSL,No,Yes,Electronic check,0,Yes,Yes,1
0,716.07,0.0,Month-to-month,Fiber optic,Yes,No,Credit card,0,Yes,No,1
3,1037.11,3086.38,Month-to-month,Fiber optic,No,No,Mailed check,0,Yes,No,1
55,902.02,49522.81,One year,DSL,No,Yes,Bank transfer,0,No,No,0
49,971.18,47573.76,Month-to-month,Fiber optic,No,Yes,Credit card,0,Yes,Yes,0
21,1090.46,22875.94,Month-to-month,DSL,No,No,Electronic check,0,Yes,Yes,1
22,700.61,15417.35,Month-to-month,Fiber optic,No,Yes,Credit card,0,No,No,1
26,616.33,15994.31,Month-to-month,Fiber optic,No,No,Bank transfer,0,Yes,No,1
4,474.45,1860.27,Month-to-month,DSL,Yes,Yes,Credit card,1,No,No,1
58,552.38,32068.84,Month-to-month,Fiber optic,Yes,Yes,Electronic check,0,Yes,No,0
13,1684.73,21924.2,One year,No,No,No,Mailed check,0,Yes,No,0
11,1173.4,12935.01,Month-to-month,No,Yes,Yes,Credit card,0,No,Yes,1
17,394.68,6700.68,Month-to-month,Fiber optic,No,Yes,Electronic check,1,No,Yes,1
1,403.26,374.68,Month-to-month,Fiber optic,No,Yes,Electronic check,0,Yes,Yes,1
4,944.56,3772.3,Two year,DSL,No,No,Credit card,0,Yes,Yes,0
32,964.18,30878.8,Two year,DSL,No,No,Electronic check,0,Yes,Yes,0
2,964.67,1820.49,Two year,Fiber optic,No,Yes,Credit card,0,Yes,No,0
22,723.51,15937.0,Month-to-month,Fiber optic,Yes,Yes,Electronic check,0,Yes,No,1
6,762.36,4589.64,Month-to-month,No,No,No,Mailed check,0,No,No,1
11,898.36,9885.11,Month-to-month,Fiber optic,No,Yes,Bank transfer,0,Yes,No,1
8,825.77,6598.68,Month-to-month,Fiber optic,No,No,Bank transfer,0,Yes,No,1
10,200.0,1871.69,Month-to-month,Fiber optic,No,Yes,Bank transfer,0,No,Yes,1
30,731.06,21909.81,One year,No,No,Yes,Mailed check,1,Yes,No,0
8,544.58,4446.1,Two year,Fiber optic,No,No,Credit card,0,Yes,No,0
20,852.56,17051.91,Two year,Fiber optic,No,Yes,Electronic check,0,No,No,1
15,1695.58,25418.3,Month-to-month,DSL,No,No,Mailed check,0,Yes,No,0
26,910.24,23667.2,One year,No,No,Yes,Electronic check,0,No,Yes,1
66,705.94,46609.85,Month-to-month,DSL,No,Yes,Bank transfer,0,Yes,No,0
31,1076.54,33405.69,Month-to-month,No,No,No,Electronic check,0,Yes,Yes,0
5,944.81,4712.59,One year,Fiber optic,Yes,Yes,Electronic check,0,Yes,No,0
0,926.03,21.25,Month-to-month,Fiber optic,No,No,Mailed check,0,Yes,No,1
7,982.06,6958.22,Month-to-month,Fiber optic,No,Yes,Electronic check,0,Yes,Yes,1
21,1416.96,29806.54,Month-to-month,Fiber optic,No,No,Electronic check,0,Yes,Yes,1
1,460.73,577.75,One year,DSL,No,No,Bank transfer,0,No,Yes,1
16,942.09,15040.6,One year,No,Yes,Yes,Mailed check,1,No,Yes,0
21,522.09,11047.61,Month-to-month,Fiber optic,Yes,No,Credit card,0,Yes,No,1
9,966.65,8660.35,Two year,DSL,Yes,No,Bank transfer,0,No,No,0
35,524.39,18371.47,Month-to-month,DSL,Yes,Yes,Electronic check,0,No,Yes,1
2,674.79,1386.2,Month-to-month,Fiber optic,No,Yes,Bank transfer,0,No,No,1
1,711.47,685.93,One year,Fiber optic,No,Yes,Electronic check,0,Yes,No,1
31,1092.75,33879.49,One year,Fiber optic,No,Yes,Credit card,0,No,Yes,1
16,1075.54,17254.1,Two year,Fiber optic,No,Yes,Credit card,0,Yes,Yes,0
27,426.28,11474.18,Month-to-month,Fiber optic,Yes,Yes,Mailed check,1,Yes,No,1
13,816.48,10697.71,One year,No,Yes,Yes,Bank transfer,0,No,Yes,0
6,587.13,3453.53,One year,Fiber optic,Yes,No,Electronic check,0,No,No,1
41,422.45,17417.37,Two year,No,No,Yes,Mailed check,0,No,Yes,0
38,734.89,27976.07,Month-to-month,DSL,No,No,Credit card,0,No,No,0
28,707.46,19804.26,One year,Fiber optic,Yes,Yes,Electronic check,0,Yes,No,0
7,1528.01,10675.97,One year,DSL,No,Yes,Electronic check,0,No,No,0
21,929.89,19502.3,Month-to-month,Fiber optic,Yes,No,Mailed check,0,Yes,No,1
10,386.71,3860.36,Month-to-month,No,No,Yes,Bank transfer,0,Yes,No,1
2,630.57,1258.71,Month-to-month,DSL,No,Yes,Mailed check,0,No,Yes,1
59,1106.41,65341.25,One year,DSL,No,Yes,Credit card,0,Yes,No,0
3,1426.53,4378.03,Two year,No,No,Yes,Electronic check,0,No,No,1
72,324.21,23352.73,One year,DSL,No,Yes,Mailed check,0,Yes,No,0
14,236.02,3262.04,One year,Fiber optic,Yes,No,Bank transfer,1,No,No,1
4,1361.29,5417.87,Month-to-month,Fiber optic,No,Yes,Electronic check,1,Yes,Yes,1
18,916.88,16494.76,Month-to-month,No,No,No,Bank transfer,0,Yes,No,0
49,539.51,26384.59,Month-to-month,DSL,No,No,Electronic check,0,No,No,1
31,960.39,29713.1,Month-to-month,DSL,No,Yes,Electronic check,1,Yes,No,0
39,200.0,7904.86,Month-to-month,Fiber optic,No,Yes,Electronic check,0,No,No,1
25,801.01,20040.45,Month-to-month,No,No,No,Credit card,1,No,Yes,0
28,898.35,25112.04,Month-to-month,Fiber optic,Yes,No,Bank transfer,0,No,No,0
45,1077.28,48518.48,Month-to-month,DSL,No,Yes,Credit card,0,No,No,0
6,495.83,2916.07,Month-to-month,Fiber optic,Yes,Yes,Electronic check,0,Yes,No,1
16,825.71,13156.5,Month-to-month,No,Yes,Yes,Bank transfer,0,No,No,0
6,522.37,3094.08,Month-to-month,No,No,Yes,Mailed check,0,Yes,No,1
72,876.62,63199.01,Two year,No,No,Yes,Credit card,0,Yes,Yes,0
69,531.4,36653.69,Two year,DSL,Yes,No,Bank transfer,1,Yes,No,0
0,677.57,0.0,One year,DSL,No,Yes,Bank transfer,0,No,No,0
29,501.26,14596.91,Month-to-month,Fiber optic,No,No,Electronic check,0,No,No,1
62,995.34,61695.82,One year,No,Yes,No,Mailed check,0,No,No,0
4,1057.54,4137.67,Two year,DSL,No,Yes,Mailed check,0,No,No,0
20,729.61,14576.44,One year,DSL,No,Yes,Credit card,0,No,Yes,0
59,811.47,47902.86,Month-to-month,Fiber optic,No,No,Electronic check,0,No,Yes,1
0,365.42,20.2,One year,DSL,No,No,Electronic check,0,Yes,No,1
28,710.1,19972.64,Two year,Fiber optic,No,No,Mailed check,0,No,No,0
8,784.94,6236.87,One year,Fiber optic,No,Yes,Electronic check,1,No,No,1
61,1586.24,96762.85,One year,Fiber optic,No,Yes,Electronic check,0,Yes,No,0
72,466.41,33546.53,Month-to-month,Fiber optic,No,Yes,Credit card,1,No,No,1
69,1239.25,85431.36,Month-to-month,Fiber optic,Yes,Yes,Bank transfer,0,Yes,No,0
15,1099.06,16530.14,Month-to-month,Fiber optic,No,No,Credit card,0,No,No,1
47,884.19,41580.14,One year,Fiber optic,No,Yes,Credit card,0,No,No,0
44,1327.59,58427.97,Month-to-month,Fiber optic,Yes,No,Electronic check,0,No,Yes,0
9,911.63,8226.02,Month-to-month,Fiber optic,No,Yes,Mailed check,0,No,No,1
42,916.75,38469.13,Month-to-month,DSL,No,No,Electronic check,0,No,No,1
0,784.06,0.0,Month-to-month,DSL,Yes,No,Credit card,0,No,No,1
21,1167.07,24510.37,Month-to-month,DSL,No,Yes,Mailed check,0,Yes,Yes,1
6,1128.94,6831.71,One year,DSL,No,No,Mailed check,1,Yes,No,0
3,612.3,1917.29,One year,Fiber optic,No,Yes,Electronic check,0,No,No,1
1,404.23,444.0,Month-to-month,No,No,Yes,Mailed check,0,No,Yes,1
28,739.11,20696.42,Month-to-month,Fiber optic,No,No,Electronic check,1,No,No,1
9,559.99,5053.39,Month-to-month,Fiber optic,No,No,Mailed check,0,Yes,No,1
30,780.94,23428.86,Two year,Fiber optic,No,Yes,Credit card,0,No,No,0
1,1171.23,1119.93,Month-to-month,Fiber optic,Yes,Yes,Credit card,0,No,Yes,0
9,662.81,5966.52,Month-to-month,Fiber optic,No,No,Electronic check,0,Yes,Yes,1
18,787.15,14102.01,Month-to-month,DSL,Yes,No,Mailed check,0,No,No,0
37,817.41,30237.85,One year,DSL,No,Yes,Credit card,0,No,No,1
9,1054.53,9572.57,Two year,Fiber optic,No,No,Electronic check,0,No,Yes,0
23,200.0,4641.14,Two year,No,No,Yes,Credit card,0,No,Yes,0
52,617.99,32089.32,One year,DSL,No,Yes,Electronic check,0,Yes,No,0
22,863.39,18990.85,Month-to-month,DSL,Yes,Yes,Bank transfer,0,No,Yes,0
6,1160.02,6918.42,Month-to-month,Fiber optic,Yes,Yes,Bank transfer,0,No,No,1
0,652.43,0.0,Month-to-month,DSL,Yes,No,Bank transfer,0,No,No,1
48,237.03,11429.7,Month-to-month,No,No,Yes,Credit card,0,No,No,1
0,985.91,32.65,Month-to-month,Fiber optic,No,No,Electronic check,0,No,No,1
49,609.39,29984.38,Month-to-month,No,Yes,Yes,Electronic check,0,Yes,No,0
18,443.1,8035.42,Month-to-month,Fiber optic,No,No,Mailed check,0,Yes,Yes,1
67,612.7,41060.86,Two year,Fiber optic,No,No,Credit card,0,Yes,No,0
38,744.64,28330.27,One year,Fiber optic,No,No,Electronic check,0,No,No,0
72,618.58,44527.39,Two year,Fiber optic,No,No,Credit card,0,No,No,0
10,200.0,1943.62,One year,Fiber optic,No,Yes,Mailed check,0,Yes,No,1
34,1069.12,36415.36,Month-to-month,DSL,Yes,No,Electronic check,1,Yes,No,0
12,1182.46,14240.0,One year,Fiber optic,No,No,Bank transfer,1,Yes,Yes,0
15,995.46,14919.8,Month-to-month,Fiber optic,No,Yes,Electronic check,1,No,No,0
23,458.69,10563.67,One year,No,No,No,Mailed check,1,No,No,0
49,739.55,36300.12,Month-to-month,Fiber optic,No,Yes,Electronic check,0,No,No,0
72,798.04,57501.46,Two year,Fiber optic,Yes,Yes,Mailed check,0,No,Yes,0
35,979.64,34214.19,Month-to-month,DSL,No,No,Bank transfer,0,No,Yes,1
12,1000.5,12018.21,Month-to-month,Fiber optic,No,Yes,Bank transfer,0,Yes,Yes,1
13,579.75,7528.34,Two year,Fiber optic,No,No,Mailed check,0,No,No,0
32,824.6,26442.81,Month-to-month,No,No,Yes,Mailed check,0,No,No,1
6,937.18,5674.66,One year,No,No,Yes,Electronic check,0,No,No,1
2,1236.75,2539.42,One year,DSL,No,Yes,Mailed check,0,No,No,1
10,1011.35,10057.62,Two year,No,No,Yes,Credit card,0,No,Yes,1
8,1036.72,8254.53,Two year,DSL,No,No,Credit card,0,No,No,0
8,825.15,6656.89,Two year,Fiber optic,No,Yes,Electronic check,1,No,No,0
6,1223.14,7309.24,Month-to-month,Fiber optic,Yes,Yes,Electronic check,0,No,No,1
1,922.93,846.86,Two year,DSL,Yes,Yes,Credit card,1,No,No,0
0,541.67,26.63,One year,Fiber optic,Yes,Yes,Mailed check,0,Yes,No,1
72,1221.01,87885.43,One year,DSL,No,No,Mailed check,0,Yes,No,0
13,1009.37,13211.31,Month-to-month,DSL,No,Yes,Credit card,0,No,Yes,0
11,667.09,7352.76,One year,Fiber optic,No,No,Electronic check,0,Yes,No,1
27,656.15,17724.12,Two year,Fiber optic,No,No,Mailed check,0,Yes,Yes,0
5,888.97,4426.4,Two year,No,Yes,No,Credit card,0,Yes,No,0
71,938.96,66745.38,Month-to-month,Fiber optic,Yes,No,Bank transfer,0,No,Yes,0
37,859.19,31807.87,Month-to-month,Fiber optic,Yes,Yes,Electronic check,1,No,No,1
2,893.39,1766.36,Month-to-month,Fiber optic,No,Yes,Electronic check,0,Yes,No,1
12,1309.99,15680.14,Two year,DSL,Yes,No,Electronic check,0,Yes,No,0
50,1121.46,56069.47,One year,DSL,Yes,No,Bank transfer,0,No,No,0
69,857.19,59097.27,Month-to-month,Fiber optic,No,No,Electronic check,0,Yes,Yes,0
15,1082.39,16287.34,Month-to-month,Fiber optic,No,No,Electronic check,0,Yes,No,0
22,490.24,10694.93,Month-to-month,Fiber optic,Yes,Yes,Credit card,0,No,No,1
4,919.38,3670.54,Month-to-month,Fiber optic,No,Yes,Electronic check,0,No,No,1
72,1342.79,96711.52,Two year,Fiber optic,No,No,Electronic check,0,Yes,No,0
6,734.59,4424.62,One year,DSL,No,No,Electronic check,0,No,No,0
68,545.71,37072.4,Month-to-month,DSL,No,Yes,Electronic check,0,Yes,No,0
25,604.37,15142.35,Month-to-month,No,Yes,No,Mailed check,0,No,Yes,0
22,473.11,10364.12,Month-to-month,Fiber optic,No,Yes,Credit card,0,Yes,Yes,1
17,564.57,9596.6,Two year,No,No,Yes,Credit card,0,Yes,Yes,0
6,688.85,4165.68,Month-to-month,DSL,Yes,No,Mailed check,0,No,No,0
4,378.33,1536.47,Month-to-month,No,No,No,Mailed check,0,No,No,1
5,804.69,3989.68,Month-to-month,DSL,No,Yes,Bank transfer,0,Yes,No,1
4,1070.68,4342.61,One year,DSL,No,Yes,Electronic check,1,Yes,No,0
36,527.67,19000.57,One year,No,Yes,Yes,Electronic check,0,No,No,0
10,1255.79,12595.0,One year,DSL,No,No,Credit card,0,No,No,1
1,953.24,1029.69,Month-to-month,Fiber optic,Yes,Yes,Electronic check,0,Yes,Yes,1
72,1109.17,79916.42,Month-to-month,DSL,No,No,Electronic check,1,No,Yes,0
51,602.65,30791.14,Month-to-month,Fiber optic,Yes,No,Mailed check,0,Yes,No,1
63,1056.36,66560.16,One year,No,Yes,No,Mailed check,0,No,No,0
72,472.42,34053.92,Month-to-month,DSL,No,Yes,Electronic check,0,Yes,No,0
4,1067.07,4278.98,One year,Fiber optic,No,No,Electronic check,0,Yes,No,1
12,851.55,10158.16,Two year,DSL,No,Yes,Mailed check,0,Yes,No,0
34,965.98,32858.3,Two year,Fiber optic,No,Yes,Bank transfer,0,Yes,No,0
28,447.32,12537.82,Month-to-month,DSL,Yes,Yes,Electronic check,0,Yes,No,1
4,531.48,2155.1,Month-to-month,DSL,No,Yes,Mailed check,0,Yes,No,1
40,979.17,39160.34,Month-to-month,DSL,No,No,Bank transfer,0,Yes,Yes,0
6,515.5,3054.9,One year,DSL,Yes,Yes,Credit card,0,Yes,Yes,1
6,938.96,5666.6,Two year,No,No,Yes,Electronic check,0,No,Yes,0
18,389.86,6951.79,Month-to-month,Fiber optic,Yes,No,Electronic check,0,Yes,No,1
21,1054.45,22216.44,Month-to-month,DSL,No,Yes,Mailed check,1,No,No,0
20,430.24,8593.29,Two year,Fiber optic,No,No,Bank transfer,0,Yes,Yes,0
2,965.69,1943.66,Two year,DSL,No,Yes,Electronic check,0,Yes,No,0
50,987.69,49412.39,Month-to-month,Fiber optic,No,Yes,Mailed check,0,No,Yes,0
7,590.97,4166.31,One year,No,No,No,Electronic check,1,No,No,0
3,974.61,2853.37,Month-to-month,Fiber optic,Yes,Yes,Electronic check,0,Yes,No,0
52,878.13,45704.1,Month-to-month,No,No,Yes,Mailed check,0,Yes,No,0
72,638.35,45976.17,Two year,Fiber optic,Yes,Yes,Electronic check,1,No,No,0
47,497.43,23347.62,Two year,DSL,No,Yes,Credit card,0,No,Yes,0
39,211.21,8199.8,One year,Fiber optic,No,Yes,Bank transfer,0,No,No,0
25,904.9,22605.67,Month-to-month,Fiber optic,No,Yes,Mailed check,0,No,Yes,1
19,330.56,6215.69,Two year,Fiber optic,No,Yes,Mailed check,0,Yes,Yes,0
2,828.6,1743.32,Month-to-month,No,No,No,Mailed check,0,No,Yes,1
12,720.97,8725.89,Month-to-month,Fiber optic,No,Yes,Electronic check,1,No,No,1
11,1003.74,11063.76,Month-to-month,No,Yes,Yes,Credit card,1,No,No,1
7,709.39,4954.53,Month-to-month,Fiber optic,No,Yes,Credit card,0,No,No,1
30,701.17,21025.11,One year,Fiber optic,Yes,No,Electronic check,0,No,No,0
16,1019.56,16350.88,One year,Fiber optic,No,No,Electronic check,0,No,Yes,0
2,900.52,1888.93,Month-to-month,DSL,Yes,No,Electronic check,1,Yes,No,1
5,894.85,4445.71,Month-to-month,No,No,No,Bank transfer,0,No,No,1
27,940.78,25345.19,Month-to-month,Fiber optic,Yes,Yes,Bank transfer,0,Yes,No,1
1,339.33,416.71,Month-to-month,DSL,Yes,Yes,Credit card,0,Yes,No,0
45,1027.04,46127.29,One year,DSL,No,No,Bank transfer,0,Yes,Yes,0
16,983.74,15689.42,Two year,Fiber optic,Yes,No,Mailed check,0,Yes,Yes,0
15,495.0,7412.58,Month-to-month,DSL,No,Yes,Bank transfer,0,No,No,0
21,726.78,15184.27,Month-to-month,DSL,Yes,Yes,Bank transfer,0,No,Yes,0
41,788.21,32372.13,One year,Fiber optic,No,No,Mailed check,0,Yes,Yes,0
10,759.65,7639.35,Two year,DSL,No,No,Mailed check,0,No,No,0
27,900.16,24275.53,Month-to-month,Fiber optic,No,Yes,Bank transfer,1,Yes,No,1
20,1229.41,24652.18,Month-to-month,DSL,Yes,No,Bank transfer,0,Yes,No,0
7,1124.53,7944.17,One year,DSL,No,Yes,Bank transfer,0,No,No,0
50,406.33,20311.05,Month-to-month,Fiber optic,No,Yes,Bank transfer,1,No,No,1
38,986.62,37469.06,Month-to-month,Fiber optic,No,Yes,Bank transfer,0,Yes,Yes,0
25,1198.68,30079.98,One year,DSL,No,Yes,Bank transfer,0,No,No,0
45,916.04,41257.97,One year,DSL,No,Yes,Mailed check,0,Yes,No,0
48,1127.29,54122.93,One year,Fiber optic,Yes,No,Bank transfer,0,No,Yes,0
29,1403.68,40774.93,One year,DSL,Yes,Yes,Mailed check,0,Yes,Yes,0
43,1107.11,47620.95,One year,DSL,Yes,Yes,Electronic check,0,Yes,No,1
28,874.79,24468.91,Month-to-month,DSL,Yes,Yes,Electronic check,0,No,No,1
27,1113.53,30069.22,Month-to-month,No,Yes,Yes,Bank transfer,0,No,Yes,1
23,843.47,19451.66,Month-to-month,Fiber optic,No,No,Bank transfer,0,Yes,No,0
33,807.17,26537.03,Month-to-month,Fiber optic,No,No,Credit card,0,No,No,1
4,694.58,2763.9,One year,Fiber optic,No,No,Mailed check,0,Yes,No,0
51,1269.02,64789.38,Two year,Fiber optic,Yes,No,Mailed check,1,No,No,0
49,554.47,27143.51,Two year,Fiber optic,No,Yes,Electronic check,0,Yes,No,1
0,1259.71,77.31,One year,Fiber optic,No,Yes,Electronic check,0,No,No,1
41,949.96,39019.07,Month-to-month,DSL,No,No,Bank transfer,0,No,No,0
3,380.21,1137.35,Month-to-month,Fiber optic,Yes,No,Electronic check,0,Yes,Yes,1
9,910.29,8164.23,Two year,Fiber optic,Yes,No,Bank transfer,0,No,Yes,0
32,200.0,6385.63,One year,Fiber optic,Yes,No,Bank transfer,0,No,No,0
4,987.65,4083.84,One year,Fiber optic,No,No,Mailed check,0,No,No,1
40,1065.57,42716.5,One year,DSL,No,Yes,Credit card,0,Yes,No,0
42,622.29,26142.58,One year,Fiber optic,Yes,Yes,Mailed check,0,No,No,1
16,837.06,13362.62,Two year,Fiber optic,Yes,No,Electronic check,0,No,Yes,0
0,1386.25,5.85,Month-to-month,No,No,No,Credit card,0,No,Yes,1
8,648.28,5198.4,One year,DSL,No,Yes,Credit card,0,No,No,0
23,482.33,11031.37,Two year,Fiber optic,No,Yes,Electronic check,0,Yes,No,1
72,1244.5,89607.93,Month-to-month,Fiber optic,No,Yes,Electronic check,0,No,No,0
23,1388.78,32007.97,One year,No,No,Yes,Electronic check,0,No,No,0
7,801.11,5517.79,Month-to-month,Fiber optic,Yes,No,Electronic check,0,Yes,No,1
24,1103.44,26523.86,Two year,Fiber optic,No,Yes,Credit card,1,No,Yes,0
18,1202.44,21712.71,Month-to-month,Fiber optic,No,Yes,Bank transfer,0,No,No,0
36,577.25,20753.14,One year,Fiber optic,No,Yes,Mailed check,0,No,No,0
2,654.41,1393.53,Month-to-month,No,Yes,No,Credit card,0,Yes,No,1
34,1169.26,39720.4,One year,DSL,No,Yes,Mailed check,1,No,Yes,0
18,1305.5,23521.13,Month-to-month,DSL,No,Yes,Electronic check,0,Yes,No,1
72,968.86,69742.89,Month-to-month,No,No,Yes,Credit card,0,No,No,0
10,536.06,5345.21,Month-to-month,Fiber optic,Yes,Yes,Credit card,0,No,Yes,1
24,1396.12,33475.98,Two year,Fiber optic,No,Yes,Credit card,0,No,No,0
64,640.71,41040.29,Month-to-month,Fiber optic,No,Yes,Mailed check,0,Yes,No,0
2,699.46,1441.36,Month-to-month,DSL,No,No,Credit card,0,No,Yes,1
66,902.7,59575.07,One year,Fiber optic,No,Yes,Electronic check,0,No,No,0
27,1266.25,34120.7,Month-to-month,Fiber optic,Yes,Yes,Bank transfer,1,Yes,No,0
1,1056.19,1076.35,Two year,DSL,Yes,No,Credit card,0,No,No,0
8,924.46,7416.78,Month-to-month,DSL,No,Yes,Electronic check,0,No,No,1
29,938.99,27219.77,One year,No,No,No,Credit card,1,No,No,0
1,813.05,906.42,Month-to-month,DSL,No,Yes,Mailed check,0,Yes,Yes,1
20,967.44,19270.64,Month-to-month,No,No,Yes,Electronic check,0,Yes,Yes,1
10,200.0,1889.14,One year,DSL,No,No,Bank transfer,0,No,Yes,0
23,711.02,16316.87,One year,Fiber optic,No,No,Electronic check,0,Yes,No,0
1,872.4,907.92,One year,No,No,Yes,Bank transfer,0,Yes,No,0
49,454.7,22227.3,Month-to-month,Fiber optic,No,Yes,Electronic check,0,No,Yes,1
72,915.9,65895.54,Month-to-month,Fiber optic,Yes,Yes,Credit card,1,Yes,No,0
72,738.66,53230.97,Month-to-month,Fiber optic,No,No,Electronic check,0,No,No,0
33,1326.64,43802.34,Two year,DSL,No,No,Electronic check,0,No,Yes,0
3,1271.91,3834.57,Month-to-month,DSL,No,Yes,Electronic check,0,No,No,0
34,660.26,22487.85,Month-to-month,No,No,Yes,Credit card,0,No,No,0
0,754.75,0.0,Month-to-month,Fiber optic,Yes,Yes,Bank transfer,0,Yes,No,1
0,777.82,0.0,One year,Fiber optic,No,Yes,Bank transfer,0,Yes,No,0
9,664.5,6021.01,Month-to-month,Fiber optic,No,Yes,Mailed check,0,No,No,1
16,858.51,13668.88,Two year,DSL,No,Yes,Mailed check,0,Yes,No,0
35,572.52,19930.9,Month-to-month,DSL,Yes,No,Electronic check,0,No,No,1
27,460.82,12420.35,Two year,Fiber optic,Yes,No,Bank transfer,0,No,No,0
14,986.81,13861.93,Month-to-month,Fiber optic,No,No,Electronic check,0,Yes,No,1
7,988.86,6934.79,One year,Fiber optic,No,Yes,Credit card,0,No,Yes,0
72,558.71,40269.64,Two year,No,No,Yes,Credit card,0,Yes,No,0
13,1068.61,13791.07,Month-to-month,DSL,Yes,No,Mailed check,0,Yes,No,1
14,610.53,8563.15,Two year,Fiber optic,No,Yes,Electronic check,1,No,Yes,0
4,875.95,3536.49,Month-to-month,DSL,Yes,No,Credit card,0,No,No,1
38,1046.1,39684.38,Two year,Fiber optic,Yes,Yes,Electronic check,1,No,Yes,0
28,789.92,22160.76,One year,DSL,No,Yes,Electronic check,0,Yes,No,0
5,936.42,4676.54,Month-to-month,No,No,Yes,Electronic check,1,Yes,Yes,1
2,645.07,1443.71,Month-to-month,DSL,Yes,Yes,Bank transfer,0,Yes,Yes,1
27,741.06,19899.76,Month-to-month,No,Yes,No,Credit card,0,Yes,No,0
25,738.24,18524.51,Month-to-month,Fiber optic,Yes,Yes,Electronic check,0,Yes,No,1
7,576.03,4012.48,Month-to-month,No,No,Yes,Electronic check,0,No,Yes,1
72,746.97,53700.82,Month-to-month,Fiber optic,No,Yes,Mailed check,0,No,No,0
3,335.41,979.9,Month-to-month,No,No,No,Bank transfer,0,Yes,Yes,1
13,652.65,8498.37,One year,DSL,No,Yes,Electronic check,0,Yes,No,0
69,714.54,49354.95,Month-to-month,Fiber optic,No,Yes,Electronic check,0,No,No,0
13,723.15,9487.0,Month-to-month,No,Yes,Yes,Credit card,1,No,Yes,0
24,727.55,17532.31,One year,DSL,No,Yes,Credit card,0,No,No,1
12,781.47,9329.38,Month-to-month,DSL,No,Yes,Credit card,0,Yes,Yes,1
7,943.83,6663.34,Month-to-month,Fiber optic,Yes,No,Credit card,0,Yes,Yes,1
72,1062.36,76509.13,Month-to-month,No,Yes,Yes,Electronic check,0,No,No,0
12,605.07,7228.12,Two year,Fiber optic,Yes,Yes,Electronic check,0,No,No,0
53,439.04,23258.51,Two year,Fiber optic,Yes,No,Electronic check,0,No,No,0
6,487.39,2888.83,Month-to-month,DSL,No,Yes,Electronic check,0,No,No,1
5,653.84,3271.05,One year,DSL,No,Yes,Credit card,1,Yes,No,1
0,694.42,0.0,Month-to-month,No,No,Yes,Credit card,0,Yes,No,1
25,569.0,14173.63,One year,DSL,No,Yes,Bank transfer,0,No,No,0
11,411.17,4546.77,One year,Fiber optic,No,No,Electronic check,0,Yes,No,1
47,663.16,31200.13,One year,No,No,No,Credit card,0,No,No,0
15,854.43,12807.04,Month-to-month,DSL,Yes,No,Credit card,0,Yes,No,0
72,978.51,70521.02,Month-to-month,Fiber optic,No,No,Electronic check,0,Yes,No,0
4,632.77,2518.07,Month-to-month,DSL,No,Yes,Credit card,0,Yes,No,1
48,676.1,32437.69,Two year,Fiber optic,Yes,Yes,Electronic check,0,Yes,No,0
35,521.99,18302.69,One year,DSL,Yes,Yes,Electronic check,0,Yes,No,0
35,790.57,27663.27,Two year,Fiber optic,No,Yes,Bank transfer,1,No,No,0
44,545.47,24004.98,Two year,DSL,No,No,Bank transfer,0,No,No,0
34,971.94,32919.88,Month-to-month,Fiber optic,Yes,No,Electronic check,0,Yes,No,1
23,264.24,6078.36,One year,Fiber optic,No,Yes,Electronic check,0,Yes,No,1
3,692.11,1984.97,One year,DSL,No,Yes,Credit card,0,No,No,0
0,890.33,0.0,Two year,Fiber optic,No,Yes,Bank transfer,0,Yes,No,0
60,855.15,51242.26,Two year,DSL,Yes,Yes,Bank transfer,0,Yes,No,0
23,1607.91,36929.8,One year,Fiber optic,No,Yes,Electronic check,0,Yes,No,0
38,904.94,34360.28,Month-to-month,DSL,No,Yes,Electronic check,0,No,No,1
15,498.78,7457.43,One year,Fiber optic,Yes,No,Electronic check,0,Yes,Yes,0
2,771.36,1575.94,Month-to-month,DSL,No,No,Electronic check,0,No,Yes,1
3,267.13,812.5,One year,Fiber optic,No,Yes,Electronic check,0,Yes,No,1
27,775.82,20852.09,Two year,DSL,Yes,Yes,Electronic check,1,Yes,No,0
13,550.08,7155.25,Month-to-month,Fiber optic,Yes,Yes,Bank transfer,0,Yes,No,0
5,1074.62,5389.0,One year,DSL,Yes,No,Electronic check,0,No,Yes,0
16,635.14,10145.78,Month-to-month,No,No,No,Credit card,0,No,No,1
1,764.97,761.93,Month-to-month,No,Yes,No,Electronic check,0,Yes,No,1
20,609.33,12196.17,Month-to-month,DSL,No,Yes,Mailed check,0,Yes,No,1
7,1321.66,9289.82,One year,Fiber optic,No,No,Electronic check,0,No,No,1
38,703.63,26659.09,Two year,DSL,Yes,Yes,Mailed check,0,No,No,0
8,1349.77,10785.92,Two year,Fiber optic,No,Yes,Electronic check,0,Yes,No,0
14,1044.25,14694.85,Month-to-month,Fiber optic,No,Yes,Credit card,0,No,Yes,1
0,944.62,70.83,Two year,Fiber optic,No,Yes,Credit card,0,Yes,No,0
1,910.62,953.17,One year,Fiber optic,Yes,No,Mailed check,0,Yes,No,0
11,918.14,10126.37,Month-to-month,DSL,No,Yes,Electronic check,0,Yes,No,1
15,221.7,3408.21,Month-to-month,Fiber optic,No,Yes,Bank transfer,0,No,Yes,1
21,716.33,15138.93,Month-to-month,DSL,No,Yes,Bank transfer,0,Yes,No,1
8,1053.55,8421.93,Two year,Fiber optic,Yes,Yes,Electronic check,0,No,No,0
28,785.33,21940.79,One year,Fiber optic,No,Yes,Bank transfer,0,No,No,1
47,378.44,17773.31,One year,Fiber optic,No,Yes,Credit card,0,No,No,0
36,784.28,28388.87,Month-to-month,DSL,Yes,Yes,Bank transfer,0,Yes,Yes,0
0,1311.23,0.0,One year,DSL,No,Yes,Credit card,1,Yes,No,0
15,1174.07,17587.49,Month-to-month,DSL,No,No,Credit card,1,No,No,0
2,781.4,1492.16,Month-to-month,DSL,No,Yes,Credit card,0,No,No,1
6,1085.43,6518.85,One year,DSL,No,Yes,Mailed check,1,No,No,0
72,690.05,49623.31,Month-to-month,No,No,Yes,Bank transfer,0,Yes,No,0
3,288.84,861.08,Two year,No,No,No,Credit card,0,Yes,No,0
16,522.66,8265.06,Month-to-month,Fiber optic,No,No,Bank transfer,1,No,No,1
23,1268.87,29214.81,One year,Fiber optic,No,Yes,Credit card,0,Yes,Yes,0
29,717.8,20877.38,Month-to-month,DSL,No,Yes,Electronic check,0,No,No,0
19,726.98,13793.51,One year,No,No,No,Mailed check,0,Yes,Yes,0
0,710.05,0.0,Month-to-month,DSL,No,No,Electronic check,0,Yes,Yes,1
9,1371.24,12333.0,Month-to-month,No,No,No,Electronic check,0,Yes,No,0
17,1287.79,21901.44,Two year,Fiber optic,No,No,Electronic check,0,Yes,No,0
2,1465.63,2929.36,Month-to-month,DSL,Yes,No,Bank transfer,0,Yes,No,0
10,752.29,7561.27,Two year,No,Yes,Yes,Electronic check,0,No,Yes,1
0,888.69,61.65,Two year,DSL,No,Yes,Bank transfer,0,Yes,No,1
1,345.01,304.3,Month-to-month,Fiber optic,Yes,No,Bank transfer,1,Yes,No,0
12,1243.08,14901.5,Month-to-month,Fiber optic,Yes,No,Electronic check,0,No,Yes,0
3,449.67,1394.08,One year,DSL,No,Yes,Electronic check,0,Yes,No,0
20,865.03,17229.57,Two year,Fiber optic,Yes,No,Bank transfer,0,Yes,No,0
28,470.81,13084.12,Two year,Fiber optic,Yes,Yes,Bank transfer,0,No,Yes,0
38,623.34,23698.23,Month-to-month,Fiber optic,No,Yes,Credit card,0,No,No,1
5,548.82,2768.92,One year,DSL,No,No,Credit card,0,Yes,No,0
4,617.64,2434.43,Month-to-month,No,No,Yes,Credit card,0,Yes,No,1
2,638.26,1247.59,Two year,DSL,No,Yes,Bank transfer,1,No,Yes,0
24,635.52,15214.46,Two year,DSL,No,Yes,Credit card,0,Yes,No,0
29,1050.0,30406.66,Month-to-month,DSL,No,Yes,Credit card,0,No,No,1
0,468.54,34.67,Month-to-month,DSL,No,Yes,Credit card,0,No,No,1
66,866.16,57107.7,Month-to-month,DSL,Yes,Yes,Electronic check,0,No,Yes,0
1,1165.39,1152.11,Month-to-month,No,Yes,Yes,Credit card,0,Yes,No,1
18,646.04,11583.47,Two year,DSL,No,No,Mailed check,0,Yes,No,0
29,584.62,16881.34,Month-to-month,DSL,No,No,Credit card,0,No,Yes,0
49,730.84,35854.8,Month-to-month,DSL,No,Yes,Electronic check,0,Yes,No,1
30,1153.92,34591.54,Month-to-month,Fiber optic,No,No,Mailed check,0,Yes,No,1
38,858.23,32622.25,Two year,No,No,Yes,Electronic check,0,No,Yes,1
9,640.64,5690.32,One year,DSL,No,Yes,Electronic check,1,Yes,No,1
40,945.16,37769.42,Month-to-month,DSL,No,Yes,Electronic check,0,Yes,No,0
2,469.31,976.43,Month-to-month,DSL,Yes,No,Credit card,0,No,Yes,1
54,1004.41,54367.39,Two year,DSL,No,No,Electronic check,0,Yes,No,0
19,922.58,17430.25,Two year,DSL,Yes,Yes,Electronic check,0,Yes,No,0
40,707.66,28296.24,Month-to-month,Fiber optic,No,Yes,Electronic check,0,Yes,Yes,1
14,548.42,7698.55,Month-to-month,DSL,No,Yes,Bank transfer,0,No,No,1
24,534.0,12785.09,Month-to-month,Fiber optic,No,Yes,Electronic check,0,Yes,No,1
17,960.45,16370.04,Month-to-month,DSL,No,Yes,Electronic check,0,Yes,No,1
31,1168.69,36186.18,One year,No,No,Yes,Mailed check,1,No,No,0
2,608.81,1225.31,Two year,No,No,No,Bank transfer,0,No,No,1
1,937.52,911.41,Month-to-month,Fiber optic,No,Yes,Electronic check,0,Yes,No,1
6,200.0,1260.97,Two year,Fiber optic,No,No,Electronic check,0,No,No,0
4,624.61,2464.64,Month-to-month,Fiber optic,No,No,Electronic check,1,Yes,No,1
49,790.68,38725.84,One year,Fiber optic,No,Yes,Credit card,0,No,No,0
5,527.09,2682.76,One year,Fiber optic,Yes,No,Mailed check,0,Yes,No,1
72,519.05,37320.06,Month-to-month,Fiber optic,No,No,Bank transfer,0,Yes,No,0
9,599.67,5400.43,Month-to-month,No,No,Yes,Electronic check,0,No,No,1
4,887.66,3459.5,One year,No,No,Yes,Mailed check,0,Yes,Yes,0
37,743.8,27466.25,Month-to-month,DSL,No,No,Electronic check,0,Yes,No,1
25,200.0,5019.11,Month-to-month,Fiber optic,No,Yes,Electronic check,0,Yes,No,1
16,200.0,3150.47,Month-to-month,DSL,No,Yes,Mailed check,0,No,No,1
19,617.94,11713.64,Two year,DSL,No,Yes,Mailed check,0,Yes,No,0
30,937.31,28143.83,Month-to-month,Fiber optic,No,No,Electronic check,0,Yes,Yes,1
6,200.0,1171.04,Two year,DSL,Yes,No,Bank transfer,0,Yes,No,0
72,650.08,46846.97,Month-to-month,No,No,No,Credit card,0,Yes,No,0
72,642.13,46243.83,One year,DSL,Yes,Yes,Mailed check,0,Yes,No,0
25,1216.5,30434.32,One year,Fiber optic,Yes,Yes,Bank transfer,0,Yes,Yes,0
5,684.49,3484.52,Two year,Fiber optic,No,Yes,Credit card,1,Yes,No,0
27,914.9,24718.2,Month-to-month,Fiber optic,Yes,No,Credit card,0,Yes,No,1
1,842.38,919.32,One year,Fiber optic,No,Yes,Mailed check,1,No,Yes,1
0,200.0,45.56,One year,No,No,Yes,Bank transfer,1,No,No,1
7,1030.46,7187.06,Month-to-month,Fiber optic,No,Yes,Electronic check,0,No,No,1
14,864.62,12169.32,Month-to-month,Fiber optic,No,Yes,Mailed check,1,Yes,No,1
48,952.48,45732.26,Month-to-month,DSL,Yes,No,Electronic check,0,No,No,0
31,1977.87,61294.28,Month-to-month,Fiber optic,No,No,Electronic check,0,Yes,No,0
32,200.0,6413.92,Two year,No,Yes,No,Mailed check,0,No,No,0
13,1317.41,17181.93,Month-to-month,Fiber optic,No,Yes,Electronic check,0,Yes,Yes,0
10,713.77,7160.41,Month-to-month,No,No,No,Bank transfer,0,Yes,Yes,1
11,886.2,9839.31,One year,Fiber optic,No,No,Mailed check,0,Yes,Yes,0
72,786.35,56671.26,Month-to-month,DSL,No,Yes,Mailed check,0,Yes,Yes,0
0,672.73,26.16,Month-to-month,DSL,No,No,Electronic check,0,No,No,1
48,629.05,30143.1,Month-to-month,DSL,No,Yes,Electronic check,0,No,No,0
20,898.85,17968.07,Two year,Fiber optic,No,No,Bank transfer,0,No,Yes,0
13,344.85,4486.61,Two year,Fiber optic,Yes,No,Credit card,0,No,Yes,0
31,1025.17,31815.22,Two year,DSL,No,No,Electronic check,1,Yes,No,0
16,675.14,10834.13,Month-to-month,Fiber optic,No,Yes,Electronic check,0,Yes,Yes,1
49,460.98,22596.46,One year,Fiber optic,No,Yes,Credit card,0,No,No,0
55,665.0,36580.81,Month-to-month,Fiber optic,Yes,Yes,Electronic check,1,No,Yes,0
13,1177.14,15338.9,Month-to-month,DSL,No,Yes,Credit card,0,No,No,1
7,639.4,4432.87,Month-to-month,DSL,No,No,Mailed check,0,Yes,No,1
21,907.54,19143.03,One year,DSL,Yes,No,Mailed check,0,No,No,0
58,580.71,33579.0,Month-to-month,DSL,No,No,Electronic check,0,No,No,1
5,1027.38,5209.65,Month-to-month,DSL,No,Yes,Electronic check,1,Yes,No,1
23,1005.65,23127.74,Month-to-month,DSL,No,No,Electronic check,0,Yes,Yes,1
23,1354.58,31205.53,Month-to-month,Fiber optic,No,No,Credit card,0,Yes,No,0
31,747.33,23185.45,One year,DSL,No,No,Bank transfer,0,No,No,0
3,1000.6,3019.09,Month-to-month,No,Yes,Yes,Bank transfer,0,Yes,No,0
30,829.42,24910.32,One year,DSL,No,Yes,Credit card,0,Yes,No,0
57,1188.76,67799.86,Month-to-month,DSL,Yes,Yes,Electronic check,1,Yes,No,0
4,584.35,2320.96,Two year,Fiber optic,No,No,Bank transfer,1,No,No,1
6,1023.5,6192.75,One year,DSL,Yes,No,Mailed check,0,Yes,No,0
72,741.59,53340.31,Month-to-month,No,Yes,No,Credit card,0,Yes,No,0
4,780.74,3122.71,Month-to-month,DSL,No,Yes,Electronic check,0,No,Yes,1
46,827.53,38107.98,One year,No,Yes,Yes,Bank transfer,0,No,No,0
16,875.67,14060.5,Two year,No,Yes,No,Credit card,0,Yes,No,0
6,765.13,4613.83,Month-to-month,Fiber optic,No,No,Mailed check,0,No,Yes,0
49,864.41,42336.61,Month-to-month,Fiber optic,Yes,No,Electronic check,1,No,Yes,0
14,1273.44,17872.93,Two year,Fiber optic,Yes,No,Mailed check,0,Yes,Yes,0
17,1095.63,18592.33,One year,Fiber optic,No,Yes,Electronic check,0,Yes,No,1
10,1060.75,10695.03,Month-to-month,Fiber optic,No,No,Bank transfer,0,No,No,1
21,663.34,13925.87,Month-to-month,DSL,No,No,Credit card,0,Yes,Yes,1
4,533.23,2055.93,Month-to-month,DSL,No,Yes,Mailed check,0,Yes,No,0
11,1086.59,11892.76,One year,Fiber optic,No,Yes,Mailed check,0,No,No,0
72,1062.81,76524.79,Month-to-month,Fiber optic,No,Yes,Bank transfer,0,No,No,0
7,1241.8,8699.6,Two year,No,No,Yes,Electronic check,0,No,Yes,0
25,618.81,15568.63,Month-to-month,DSL,Yes,No,Electronic check,0,Yes,No,0
9,731.14,6528.29,Month-to-month,No,No,Yes,Credit card,0,No,No,0
35,308.15,10787.39,One year,DSL,No,Yes,Bank transfer,0,Yes,No,0
3,682.26,1993.8,Two year,Fiber optic,No,Yes,Electronic check,0,No,No,0
72,1098.97,79101.29,Two year,DSL,Yes,Yes,Electronic check,0,No,No,0
14,660.05,9324.92,Month-to-month,Fiber optic,Yes,Yes,Bank transfer,1,No,No,0
6,992.14,5896.05,One year,DSL,No,No,Bank transfer,0,Yes,Yes,0
1,742.85,772.2,One year,Fiber optic,Yes,Yes,Credit card,0,No,Yes,1
4,897.22,3608.51,Month-to-month,No,No,Yes,Electronic check,1,No,No,1
17,455.69,7745.57,Month-to-month,Fiber optic,No,Yes,Credit card,0,No,Yes,1
9,825.56,7456.04,Month-to-month,Fiber optic,No,Yes,Bank transfer,0,Yes,Yes,1
42,200.0,8342.0,Month-to-month,No,Yes,Yes,Bank transfer,0,No,No,0
13,743.93,9753.92,Two year,Fiber optic,No,Yes,Bank transfer,0,Yes,Yes,0
6,310.86,1961.39,Month-to-month,Fiber optic,No,No,Electronic check,1,No,No,1
23,1161.8,26723.72,Two year,DSL,No,No,Credit card,0,No,No,0
29,1033.22,30084.6,Month-to-month,No,Yes,Yes,Electronic check,0,Yes,No,1
4,940.0,3740.05,One year,Fiber optic,Yes,Yes,Electronic check,0,Yes,Yes,0
4,1256.3,5045.23,Month-to-month,DSL,No,No,Credit card,0,Yes,Yes,0
0,515.33,71.59,Month-to-month,DSL,Yes,No,Bank transfer,0,No,Yes,1
31,1324.21,41027.53,Month-to-month,No,No,Yes,Credit card,0,Yes,Yes,1
26,1079.66,28002.02,Month-to-month,DSL,No,No,Mailed check,0,Yes,Yes,1
15,729.03,10854.92,One year,No,No,No,Mailed check,0,No,No,0
44,1140.69,50293.23,Month-to-month,DSL,No,No,Credit card,1,Yes,No,0
39,468.11,18229.91,One year,Fiber optic,Yes,Yes,Electronic check,0,Yes,No,1
21,552.65,11596.27,Month-to-month,Fiber optic,Yes,Yes,Credit card,0,No,No,0
48,617.42,29580.67,Month-to-month,Fiber optic,Yes,Yes,Electronic check,0,Yes,No,0
5,641.31,3253.95,Month-to-month,No,No,No,Credit card,1,Yes,No,1
2,483.03,926.99,Two year,Fiber optic,No,No,Electronic check,0,Yes,Yes,0
7,1166.92,8143.91,One year,Fiber optic,Yes,Yes,Bank transfer,0,No,No,0
1,722.34,737.32,Month-to-month,DSL,No,No,Credit card,0,No,No,1
18,905.75,16250.32,Month-to-month,DSL,No,No,Mailed check,0,Yes,Yes,1
66,628.89,41498.11,Month-to-month,DSL,No,No,Bank transfer,0,Yes,No,0
0,253.82,70.11,Two year,Fiber optic,Yes,No,Credit card,0,Yes,No,0
3,881.02,2664.46,One year,DSL,Yes,No,Bank transfer,0,No,Yes,1
14,226.32,3175.06,Month-to-month,DSL,Yes,Yes,Credit card,0,Yes,No,0
65,779.41,50672.38,One year,Fiber optic,No,No,Mailed check,0,No,No,1
9,389.51,3486.09,Month-to-month,Fiber optic,Yes,No,Electronic check,1,Yes,No,1
16,1396.18,22438.73,Two year,Fiber optic,No,Yes,Electronic check,1,No,No,0
1,1073.41,1032.8,Month-to-month,DSL,No,Yes,Electronic check,0,No,No,1
3,831.73,2505.72,One year,DSL,No,No,Electronic check,0,No,No,1
72,1179.11,84901.82,Month-to-month,No,No,Yes,Bank transfer,0,Yes,Yes,1
72,546.11,39370.01,One year,DSL,Yes,No,Electronic check,1,No,No,0
0,963.04,55.16,One year,No,No,Yes,Electronic check,0,Yes,No,0
72,859.94,61914.3,One year,No,No,Yes,Electronic check,1,Yes,Yes,0
24,879.21,21115.48,One year,Fiber optic,No,Yes,Credit card,0,Yes,No,0
48,1181.71,56738.32,Two year,DSL,No,Yes,Bank transfer,0,No,No,0
14,1019.75,14162.86,Month-to-month,No,No,No,Mailed check,0,No,Yes,1
17,886.62,14993.04,Month-to-month,Fiber optic,Yes,Yes,Credit card,0,No,No,0
16,303.53,4826.29,Month-to-month,Fiber optic,Yes,Yes,Electronic check,1,No,Yes,1
26,511.99,13283.56,Two year,DSL,Yes,Yes,Credit card,0,Yes,No,0
3,763.19,2229.6,Month-to-month,DSL,No,Yes,Bank transfer,0,No,No,1
0,828.01,37.48,One year,DSL,Yes,Yes,Electronic check,0,No,Yes,0
8,460.94,3687.62,One year,Fiber optic,No,No,Bank transfer,0,No,No,1
29,1523.5,44170.85,Month-to-month,Fiber optic,No,Yes,Bank transfer,0,Yes,No,0
5,1254.92,6211.78,Month-to-month,Fiber optic,No,Yes,Mailed check,0,No,No,1
26,980.64,25494.3,Month-to-month,Fiber optic,No,Yes,Credit card,1,No,Yes,0
72,821.61,59024.66,Month-to-month,Fiber optic,No,Yes,Electronic check,0,No,Yes,0
2,736.34,1464.53,Month-to-month,Fiber optic,Yes,Yes,Electronic check,0,Yes,No,1
26,514.42,13378.2,Month-to-month,No,Yes,Yes,Electronic check,0,No,No,1
14,823.24,11537.51,Two year,DSL,No,No,Electronic check,0,No,No,0
48,877.33,42033.43,Two year,Fiber optic,Yes,No,Electronic check,0,Yes,No,0
4,427.47,1721.13,Month-to-month,DSL,Yes,No,Credit card,0,Yes,No,0
28,900.25,25155.01,Month-to-month,Fiber optic,No,Yes,Electronic check,0,Yes,Yes,1
43,753.42,32356.53,Month-to-month,Fiber optic,Yes,Yes,Mailed check,0,No,Yes,1
69,227.66,15744.28,One year,No,No,Yes,Mailed check,0,Yes,No,1
27,541.88,14731.59,Two year,DSL,No,No,Credit card,0,Yes,No,0
16,675.92,10817.26,Month-to-month,No,No,No,Credit card,1,No,No,1
23,1366.31,31384.19,Month-to-month,DSL,No,Yes,Bank transfer,0,No,No,1
48,966.97,46423.8,One year,Fiber optic,No,Yes,Credit card,0,Yes,No,0
20,399.36,8034.06,One year,DSL,Yes,No,Credit card,0,Yes,No,0
0,945.81,31.05,Month-to-month,No,Yes,No,Credit card,0,No,Yes,1
64,335.81,21628.92,One year,Fiber optic,No,No,Bank transfer,0,No,No,0
28,1124.81,31458.84,Month-to-month,Fiber optic,No,No,Electronic check,0,Yes,No,1
27,658.66,17796.5,Month-to-month,No,No,No,Mailed check,0,No,No,1
5,771.91,3936.99,One year,DSL,No,Yes,Bank transfer,0,Yes,No,1
25,1197.74,30017.78,Two year,DSL,Yes,No,Mailed check,0,No,No,0
12,413.85,4868.71,Month-to-month,No,No,No,Electronic check,0,Yes,No,1
25,380.86,9521.45,Two year,DSL,No,No,Bank transfer,0,Yes,Yes,0
2,624.92,1324.07,Month-to-month,DSL,No,Yes,Credit card,0,Yes,No,1
25,1111.51,27932.37,One year,Fiber optic,No,Yes,Electronic check,0,Yes,No,0
72,344.2,24817.31,Month-to-month,Fiber optic,No,Yes,Bank transfer,0,No,Yes,1
1,200.0,181.61,Two year,DSL,No,Yes,Bank transfer,0,No,Yes,0
72,664.65,47804.51,Two year,DSL,No,No,Credit card,0,No,No,0
12,965.52,11697.2,Month-to-month,DSL,Yes,Yes,Credit card,0,Yes,Yes,1
49,1160.08,56880.28,Two year,Fiber optic,No,Yes,Bank transfer,0,Yes,No,1
36,661.05,23755.45,Two year,No,Yes,No,Mailed check,0,Yes,No,0
20,676.57,13521.28,One year,No,Yes,Yes,Electronic check,1,Yes,No,0
32,1146.17,36692.96,Month-to-month,Fiber optic,No,Yes,Mailed check,0,No,No,1
50,239.08,11981.06,Two year,DSL,No,Yes,Bank transfer,1,Yes,No,0
12,683.44,8156.34,Two year,No,Yes,No,Credit card,0,No,No,0
9,857.13,7683.43,Month-to-month,Fiber optic,No,Yes,Credit card,0,No,No,1
26,934.77,24221.26,Two year,DSL,Yes,No,Electronic check,1,Yes,No,0
39,647.06,25287.25,Month-to-month,No,No,Yes,Bank transfer,0,No,Yes,1
34,810.33,27534.22,Month-to-month,Fiber optic,No,No,Electronic check,0,Yes,Yes,0
38,200.0,7623.32,Month-to-month,Fiber optic,No,Yes,Electronic check,0,Yes,Yes,1
13,602.53,7903.94,One year,Fiber optic,No,Yes,Electronic check,0,No,No,1
40,936.05,37453.1,One year,DSL,No,Yes,Electronic check,0,Yes,No,0
3,505.31,1510.29,Month-to-month,DSL,No,Yes,Credit card,1,Yes,No,1
18,817.7,14728.21,Two year,Fiber optic,No,Yes,Electronic check,1,No,No,0
0,934.06,3.16,Month-to-month,DSL,No,Yes,Electronic check,0,Yes,No,0
9,697.24,6337.43,Month-to-month,Fiber optic,No,Yes,Credit card,0,No,No,1
10,851.14,8526.93,Month-to-month,Fiber optic,No,Yes,Mailed check,0,Yes,No,1
12,511.18,6106.94,One year,Fiber optic,No,Yes,Electronic check,1,Yes,No,1
28,738.02,20716.86,Two year,Fiber optic,Yes,Yes,Electronic check,0,No,No,0
11,983.06,10875.24,One year,Fiber optic,Yes,No,Electronic check,0,No,Yes,0
14,847.09,11792.37,Two year,No,No,No,Electronic check,0,Yes,No,0
6,624.04,3820.88,Month-to-month,Fiber optic,No,Yes,Electronic check,0,Yes,No,1
11,867.26,9558.15,Month-to-month,DSL,No,Yes,Bank transfer,0,No,No,1
6,1014.38,6100.46,Month-to-month,DSL,No,No,Electronic check,1,Yes,Yes,0
1,200.0,250.33,Month-to-month,DSL,No,Yes,Mailed check,0,No,No,1
22,1147.72,25221.54,Month-to-month,DSL,Yes,No,Credit card,1,No,No,0
26,699.12,18224.92,One year,DSL,No,Yes,Mailed check,0,No,No,0
23,927.65,21317.04,Month-to-month,DSL,No,No,Credit card,0,No,Yes,1
14,1159.17,16154.69,One year,Fiber optic,No,Yes,Mailed check,0,No,No,1
11,388.5,4223.59,Month-to-month,No,No,No,Mailed check,0,No,No,1
47,587.17,27625.23,Month-to-month,DSL,Yes,Yes,Bank transfer,1,No,Yes,0
17,713.44,12081.13,One year,Fiber optic,No,No,Electronic check,0,No,No,1
15,564.87,8553.61,Month-to-month,Fiber optic,No,Yes,Electronic check,0,Yes,Yes,1
0,1320.48,59.46,Two year,DSL,Yes,Yes,Bank transfer,0,Yes,No,0
10,542.97,5496.36,One year,No,No,No,Mailed check,0,No,No,1
11,633.34,6972.93,Month-to-month,Fiber optic,No,Yes,Credit card,1,No,No,1
12,861.32,10348.69,Two year,Fiber optic,No,No,Credit card,0,Yes,No,0
20,439.36,8727.42,Month-to-month,Fiber optic,Yes,Yes,Mailed check,0,Yes,No,1
18,681.3,12313.11,Month-to-month,DSL,No,No,Bank transfer,0,No,Yes,1
22,895.24,19714.18,One year,Fiber optic,No,Yes,Mailed check,0,No,No,0
34,700.14,23833.19,Month-to-month,DSL,No,No,Credit card,0,Yes,Yes,1
40,771.98,30963.77,Two year,No,No,No,Credit card,0,No,No,0
30,641.2,19205.71,Two year,Fiber optic,No,Yes,Credit card,0,No,Yes,0
72,345.66,24881.13,Two year,Fiber optic,No,No,Electronic check,0,No,Yes,0
0,896.48,16.33,Month-to-month,DSL,No,No,Bank transfer,1,No,No,1
5,1326.48,6585.63,Month-to-month,Fiber optic,No,Yes,Electronic check,0,Yes,No,1
0,805.52,0.0,One year,Fiber optic,Yes,No,Electronic check,0,No,No,1
25,867.58,21714.13,Month-to-month,Fiber optic,Yes,Yes,Credit card,1,No,No,1
54,1007.82,54405.84,Month-to-month,Fiber optic,Yes,No,Electronic check,0,No,No,0
6,419.2,2580.65,Month-to-month,Fiber optic,Yes,Yes,Credit card,1,Yes,No,1
62,1310.75,81191.23,Month-to-month,No,Yes,Yes,Electronic check,1,Yes,Yes,0
1,860.7,916.84,Month-to-month,Fiber optic,Yes,Yes,Credit card,0,Yes,No,1
65,1289.56,83854.27,Two year,No,Yes,Yes,Electronic check,0,Yes,No,0
10,580.09,5772.46,Two year,No,No,No,Mailed check,0,No,No,0
2,1345.42,2644.62,Month-to-month,Fiber optic,Yes,No,Electronic check,0,No,No,0
15,1032.55,15384.19,Month-to-month,DSL,No,Yes,Bank transfer,0,No,No,1
7,965.91,6721.63,Month-to-month,Fiber optic,Yes,Yes,Electronic check,0,No,No,1
8,870.21,7014.02,Two year,No,No,No,Bank transfer,0,Yes,Yes,0
8,725.44,5800.73,Month-to-month,DSL,No,Yes,Electronic check,0,No,Yes,1
38,1160.16,44144.21,One year,Fiber optic,No,Yes,Electronic check,0,No,Yes,1
18,842.11,15126.95,Month-to-month,No,No,Yes,Electronic check,1,No,Yes,1
8,209.88,1714.39,One year,Fiber optic,Yes,Yes,Mailed check,0,No,No,1
22,464.84,10190.69,Month-to-month,Fiber optic,No,Yes,Credit card,0,No,Yes,0
30,744.25,22279.11,One year,DSL,No,No,Credit card,1,No,No,0
7,893.0,6245.64,Month-to-month,DSL,No,Yes,Electronic check,0,Yes,No,1
12,783.02,9363.03,One year,Fiber optic,No,No,Bank transfer,0,No,Yes,0
3,1165.69,3419.93,Month-to-month,DSL,No,Yes,Bank transfer,0,No,No,1
4,214.67,849.56,One year,DSL,No,Yes,Electronic check,0,Yes,No,1
27,843.08,22768.38,Two year,No,Yes,No,Mailed check,0,No,Yes,0
4,254.61,1081.84,Month-to-month,DSL,No,Yes,Mailed check,0,No,No,1
17,1027.91,17521.37,Two year,No,Yes,Yes,Electronic check,0,No,Yes,0
29,771.66,22439.21,One year,No,No,No,Electronic check,0,No,Yes,0
2,925.88,1887.78,Month-to-month,DSL,Yes,Yes,Electronic check,1,No,No,1
20,540.84,10833.33,Month-to-month,DSL,Yes,No,Bank transfer,0,Yes,No,1
7,1183.84,8225.43,Month-to-month,Fiber optic,No,Yes,Electronic check,1,Yes,Yes,1
72,1112.52,80108.75,One year,Fiber optic,No,No,Electronic check,0,No,Yes,0
15,975.06,14655.79,One year,DSL,No,Yes,Electronic check,0,No,No,1
39,761.14,29757.52,Month-to-month,Fiber optic,Yes,Yes,Electronic check,1,No,No,0
19,973.96,18539.5,Month-to-month,DSL,Yes,No,Electronic check,0,Yes,Yes,0
1,587.93,649.95,Two year,No,No,No,Credit card,0,Yes,No,0
24,1056.67,25308.4,Two year,DSL,No,Yes,Electronic check,0,No,No,0
72,1294.84,93212.47,Month-to-month,DSL,No,Yes,Bank transfer,0,Yes,Yes,0
22,1121.18,24687.5,Two year,DSL,No,Yes,Mailed check,0,No,No,0
41,581.12,23883.94,Month-to-month,No,No,No,Bank transfer,0,No,No,0
51,908.43,46322.42,Month-to-month,Fiber optic,No,No,Bank transfer,0,No,No,1
6,412.06,2468.22,Two year,No,No,No,Electronic check,1,Yes,No,0
5,971.72,4892.94,Month-to-month,Fiber optic,No,Yes,Credit card,0,No,No,1
22,935.18,20517.69,Month-to-month,DSL,No,No,Mailed check,0,No,Yes,0
12,239.06,2949.03,Month-to-month,DSL,No,Yes,Credit card,1,Yes,Yes,1
43,451.46,19369.03,Two year,Fiber optic,No,Yes,Mailed check,0,Yes,No,0
55,715.06,39232.28,Two year,Fiber optic,No,Yes,Credit card,0,Yes,No,0
10,709.74,7097.92,Month-to-month,Fiber optic,Yes,No,Bank transfer,0,Yes,No,1
6,437.16,2707.86,Month-to-month,DSL,Yes,No,Credit card,0,No,No,0
36,916.69,33030.29,Month-to-month,No,No,Yes,Mailed check,0,No,No,1
7,875.44,6165.65,One year,DSL,Yes,No,Mailed check,0,No,No,1
41,741.72,30412.56,Month-to-month,No,Yes,No,Bank transfer,0,No,No,0
13,573.26,7444.79,One year,DSL,No,Yes,Credit card,0,No,No,0
26,1114.61,28902.67,Month-to-month,Fiber optic,No,Yes,Credit card,0,Yes,Yes,1
2,1296.62,2480.27,Month-to-month,DSL,No,No,Electronic check,0,No,No,1
23,654.93,15073.24,Month-to-month,Fiber optic,No,No,Credit card,0,No,No,1
14,616.35,8694.53,Month-to-month,Fiber optic,No,Yes,Electronic check,0,No,No,1
21,947.36,19911.81,Two year,Fiber optic,No,Yes,Mailed check,0,No,No,0
4,692.59,2801.54,Month-to-month,Fiber optic,No,Yes,Electronic check,0,No,Yes,1
32,758.18,24340.97,Month-to-month,Fiber optic,No,Yes,Electronic check,1,No,No,1
47,1021.9,48045.55,Month-to-month,Fiber optic,No,No,Credit card,1,No,No,0
5,227.19,1129.83,Month-to-month,No,No,Yes,Electronic check,1,Yes,No,1
2,1195.49,2350.06,Month-to-month,DSL,Yes,No,Bank transfer,0,No,No,1
0,821.8,101.11,Month-to-month,Fiber optic,Yes,Yes,Bank transfer,0,No,Yes,1
24,676.55,16263.58,Month-to-month,Fiber optic,No,Yes,Electronic check,0,Yes,No,1
22,773.23,16963.87,One year,Fiber optic,Yes,Yes,Electronic check,0,Yes,No,1
18,788.73,14138.56,Month-to-month,Fiber optic,No,No,Bank transfer,0,No,No,1
6,280.64,1746.49,Month-to-month,DSL,No,Yes,Electronic check,0,Yes,No,1
11,1248.48,13681.42,Two year,DSL,No,No,Credit card,0,Yes,No,1
21,812.4,17153.04,Month-to-month,DSL,No,Yes,Credit card,0,No,Yes,0
16,932.9,14788.59,Month-to-month,DSL,No,Yes,Electronic check,1,No,No,1
72,1085.46,78224.6,Month-to-month,Fiber optic,Yes,Yes,Electronic check,0,No,Yes,0
3,493.65,1505.3,Month-to-month,Fiber optic,No,Yes,Mailed check,0,Yes,No,1
28,942.04,26383.09,One year,No,No,No,Bank transfer,0,Yes,Yes,0
12,719.71,8627.72,Month-to-month,Fiber optic,No,Yes,Electronic check,1,Yes,Yes,1
13,1054.03,13796.94,One year,DSL,No,No,Electronic check,0,Yes,No,0
30,200.0,6035.35,Month-to-month,No,Yes,Yes,Mailed check,1,Yes,No,0
28,770.27,21522.45,Month-to-month,No,Yes,Yes,Credit card,0,No,No,0
72,619.15,44493.13,One year,Fiber optic,Yes,Yes,Mailed check,0,No,No,0
3,929.68,2797.9,Month-to-month,Fiber optic,No,Yes,Mailed check,0,Yes,No,1
2,941.01,1881.97,One year,No,No,No,Credit card,0,Yes,No,0
30,587.71,17555.37,Month-to-month,Fiber optic,No,No,Bank transfer,1,No,No,1
20,586.35,11724.19,One year,No,No,Yes,Bank transfer,1,No,No,0
7,766.8,5338.91,Month-to-month,DSL,No,Yes,Bank transfer,0,Yes,No,1
1,531.01,531.47,Two year,DSL,No,No,Credit card,0,No,No,0
2,1052.6,2141.49,Month-to-month,Fiber optic,Yes,No,Bank transfer,0,Yes,No,0
53,689.24,36604.24,Two year,Fiber optic,Yes,No,Credit card,1,Yes,Yes,0
5,200.0,1045.44,Month-to-month,No,No,Yes,Bank transfer,0,Yes,No,1
9,687.55,6151.91,One year,No,No,Yes,Bank transfer,0,No,Yes,1
6,488.44,2949.07,Month-to-month,Fiber optic,No,No,Electronic check,0,Yes,No,1
10,310.62,3109.33,Two year,DSL,No,No,Electronic check,0,Yes,Yes,1
1,428.77,362.17,Month-to-month,No,No,Yes,Credit card,0,Yes,No,1
17,832.82,14177.89,Month-to-month,Fiber optic,Yes,No,Electronic check,0,No,Yes,1
1,1198.59,1291.43,Month-to-month,DSL,Yes,No,Bank transfer,0,Yes,No,1
38,893.96,33971.92,Month-to-month,Fiber optic,No,Yes,Electronic check,0,Yes,No,0
6,618.05,3628.58,Month-to-month,Fiber optic,No,Yes,Credit card,0,Yes,No,1
18,936.77,16863.4,Two year,Fiber optic,Yes,Yes,Electronic check,0,Yes,No,0
50,662.27,33052.96,Two year,Fiber optic,Yes,Yes,Credit card,0,No,No,0
25,591.62,14833.68,Month-to-month,DSL,Yes,No,Bank transfer,0,Yes,No,0
18,453.69,8192.68,Two year,No,No,Yes,Electronic check,0,Yes,No,0
9,274.45,2461.52,Month-to-month,Fiber optic,No,No,Mailed check,1,No,No,1
9,683.02,6130.65,Month-to-month,Fiber optic,Yes,No,Electronic check,0,Yes,No,1
26,847.42,22022.21,One year,DSL,Yes,Yes,Electronic check,1,Yes,No,0
72,771.01,55513.34,One year,Fiber optic,Yes,Yes,Mailed check,1,Yes,No,0
26,675.21,17516.85,Two year,DSL,No,No,Electronic check,0,No,No,0
19,516.28,9739.86,Month-to-month,DSL,Yes,No,Credit card,0,No,Yes,1
31,982.47,30513.62,One year,Fiber optic,No,No,Electronic check,0,No,No,0
15,404.86,6053.64,Month-to-month,DSL,Yes,Yes,Bank transfer,0,No,No,1
1,1032.81,1041.16,Month-to-month,Fiber optic,Yes,Yes,Mailed check,0,No,No,1
19,499.33,9501.63,Month-to-month,DSL,No,Yes,Bank transfer,0,No,No,1
72,574.27,41363.5,Two year,Fiber optic,No,No,Mailed check,0,No,No,0
4,359.96,1381.17,Two year,DSL,Yes,Yes,Bank transfer,0,Yes,No,1
28,649.58,18104.43,One year,DSL,No,No,Bank transfer,0,Yes,Yes,0
5,1092.59,5433.53,Month-to-month,DSL,No,Yes,Bank transfer,1,No,No,1
18,954.69,17204.18,Month-to-month,No,No,No,Electronic check,0,No,Yes,0
2,1093.53,2150.66,Month-to-month,No,No,No,Bank transfer,1,Yes,Yes,0
14,956.64,13375.25,Month-to-month,DSL,No,Yes,Electronic check,0,No,No,1
33,468.9,15580.03,Month-to-month,Fiber optic,No,No,Electronic check,0,No,No,1
10,700.76,6915.36,One year,Fiber optic,Yes,Yes,Mailed check,1,Yes,Yes,0
26,565.94,14676.7,Month-to-month,No,No,Yes,Mailed check,1,Yes,No,1
38,1199.17,45663.38,Month-to-month,Fiber optic,No,Yes,Mailed check,0,No,No,0
62,440.96,27337.5,Month-to-month,Fiber optic,Yes,Yes,Bank transfer,0,Yes,Yes,1
6,1068.11,6373.36,Month-to-month,DSL,Yes,Yes,Electronic check,0,No,Yes,1
12,1067.89,12873.07,Month-to-month,Fiber optic,Yes,No,Electronic check,0,No,Yes,1
3,1348.89,4049.42,Two year,No,No,No,Electronic check,0,No,Yes,0
72,677.09,48733.35,One year,Fiber optic,No,Yes,Bank transfer,1,Yes,No,1
62,1013.7,62858.81,Two year,DSL,No,No,Bank transfer,0,No,No,0
18,1484.5,26688.01,Month-to-month,DSL,Yes,No,Electronic check,0,Yes,No,0
44,614.71,26996.26,Month-to-month,Fiber optic,No,No,Bank transfer,0,Yes,Yes,1
17,339.49,5765.61,Month-to-month,Fiber optic,No,No,Mailed check,1,No,No,1
23,236.0,5377.38,Two year,Fiber optic,No,Yes,Mailed check,1,Yes,No,1
2,1013.81,2028.16,One year,No,No,Yes,Mailed check,0,Yes,No,0
33,235.05,7774.53,Month-to-month,DSL,No,No,Bank transfer,0,Yes,No,1
3,688.3,2107.57,Month-to-month,DSL,No,Yes,Bank transfer,0,No,No,1
41,931.19,38235.35,Month-to-month,No,No,Yes,Electronic check,0,Yes,Yes,1
36,855.55,30779.61,One year,DSL,No,Yes,Electronic check,0,No,No,0
29,927.63,26926.34,Two year,DSL,No,Yes,Electronic check,1,No,No,1
0,866.69,24.63,One year,Fiber optic,No,Yes,Bank transfer,1,No,Yes,1
8,1183.66,9485.67,Month-to-month,No,Yes,Yes,Credit card,0,No,Yes,1
7,514.31,3576.16,Month-to-month,DSL,Yes,Yes,Mailed check,0,Yes,Yes,1
10,596.9,5917.61,Month-to-month,No,Yes,No,Electronic check,0,Yes,No,1
2,568.2,1161.5,Month-to-month,Fiber optic,No,Yes,Bank transfer,0,Yes,Yes,1
66,1049.06,69152.45,Month-to-month,DSL,No,Yes,Credit card,0,Yes,Yes,0
19,1070.12,20318.88,One year,Fiber optic,Yes,Yes,Credit card,0,No,No,0
8,935.37,7355.26,One year,Fiber optic,Yes,Yes,Bank transfer,0,Yes,No,0
12,1155.05,13793.76,Month-to-month,Fiber optic,No,Yes,Credit card,0,Yes,Yes,1
14,446.59,6208.37,Two year,Fiber optic,No,Yes,Electronic check,0,No,No,0
22,1300.17,28658.52,Month-to-month,No,No,Yes,Electronic check,0,No,No,1
17,1256.97,21402.92,Month-to-month,DSL,No,No,Electronic check,0,No,No,1
60,1020.69,61213.5,Month-to-month,Fiber optic,No,Yes,Bank transfer,0,No,No,0
16,1334.54,21389.1,Month-to-month,Fiber optic,No,Yes,Electronic check,0,No,No,1
72,303.01,21861.32,Month-to-month,Fiber optic,No,Yes,Mailed check,0,No,No,1
45,642.67,28911.92,Month-to-month,Fiber optic,Yes,No,Mailed check,0,Yes,Yes,1
5,579.41,2827.83,Month-to-month,DSL,No,No,Electronic check,0,No,No,1
64,1016.44,65042.01,Two year,Fiber optic,No,No,Credit card,1,No,No,0
2,484.96,965.02,Month-to-month,Fiber optic,No,Yes,Electronic check,0,Yes,No,1
40,1027.25,41028.32,Month-to-month,DSL,No,Yes,Mailed check,0,Yes,No,1
11,1211.16,13341.12,Month-to-month,No,No,Yes,Bank transfer,0,No,No,1
50,1008.56,50442.03,One year,No,Yes,No,Electronic check,0,No,Yes,0
48,885.13,42508.27,Month-to-month,Fiber optic,No,Yes,Bank transfer,1,Yes,Yes,0
39,503.64,19655.83,Two year,DSL,Yes,No,Credit card,1,Yes,Yes,0
37,545.94,20236.45,Month-to-month,Fiber optic,Yes,No,Credit card,1,No,No,1
8,1174.89,9390.12,Month-to-month,DSL,Yes,No,Credit card,0,No,Yes,1
2,1033.8,2077.7,One year,DSL,No,Yes,Electronic check,0,Yes,No,1
12,788.29,9439.64,Month-to-month,Fiber optic,No,No,Bank transfer,0,Yes,Yes,1
4,674.63,2669.28,Month-to-month,DSL,No,Yes,Electronic check,0,No,No,1
28,200.0,5666.91,Month-to-month,DSL,No,Yes,Electronic check,0,Yes,Yes,1
10,478.74,4685.25,One year,DSL,No,Yes,Electronic check,1,No,No,1
72,1373.43,98930.49,Month-to-month,DSL,No,No,Electronic check,1,Yes,No,0
24,415.86,9949.69,Month-to-month,DSL,No,Yes,Credit card,0,Yes,No,1
41,856.84,35093.1,Two year,No,No,Yes,Electronic check,0,Yes,No,0
3,1102.23,3319.78,Month-to-month,DSL,No,Yes,Bank transfer,0,Yes,No,1
47,423.52,19831.11,Two year,DSL,No,No,Mailed check,0,Yes,Yes,0
61,855.41,52139.4,One year,DSL,No,No,Mailed check,0,Yes,Yes,0
16,1081.37,17259.54,Month-to-month,No,No,No,Credit card,1,No,Yes,0
22,803.75,17671.43,Month-to-month,Fiber optic,Yes,Yes,Electronic check,0,Yes,No,1
34,1660.52,56417.5,Month-to-month,Fiber optic,Yes,Yes,Bank transfer,0,No,Yes,0
4,299.42,1277.74,One year,No,No,Yes,Mailed check,0,Yes,Yes,1
16,1117.62,17971.75,One year,Fiber optic,No,Yes,Electronic check,0,No,No,0
12,748.16,8876.81,One year,DSL,Yes,No,Mailed check,1,Yes,No,0
3,1031.58,3121.94,Two year,DSL,No,Yes,Credit card,0,Yes,No,0
10,932.39,9366.85,One year,Fiber optic,Yes,Yes,Electronic check,1,No,No,1
1,580.05,607.2,Month-to-month,DSL,No,Yes,Electronic check,0,No,No,1
0,868.7,0.0,Month-to-month,Fiber optic,No,No,Electronic check,0,No,No,1
3,242.63,715.68,Two year,DSL,No,Yes,Bank transfer,0,No,Yes,1
72,980.97,70592.73,Month-to-month,Fiber optic,Yes,Yes,Bank transfer,0,No,No,0
19,889.45,16878.49,Month-to-month,DSL,Yes,No,Bank transfer,0,Yes,No,1
72,991.6,71334.56,One year,DSL,No,Yes,Mailed check,0,No,Yes,0
13,1117.44,14520.92,Month-to-month,Fiber optic,Yes,No,Credit card,0,No,No,0
8,910.29,7207.15,Two year,No,No,Yes,Bank transfer,0,No,No,0
16,844.43,13500.82,One year,Fiber optic,No,No,Credit card,1,No,Yes,1
13,535.68,6901.4,Month-to-month,Fiber optic,Yes,Yes,Credit card,1,Yes,No,1
2,586.33,1183.01,Two year,DSL,Yes,Yes,Bank transfer,0,Yes,Yes,0
24,1156.02,27710.52,Month-to-month,DSL,No,No,Mailed check,1,No,No,0
5,1230.9,6169.03,Month-to-month,DSL,Yes,Yes,Credit card,0,No,No,1
23,728.57,16811.12,Month-to-month,DSL,Yes,Yes,Credit card,0,No,No,1
25,813.8,20424.49,Month-to-month,DSL,No,Yes,Electronic check,0,No,Yes,0
3,528.62,1459.45,Month-to-month,DSL,No,No,Electronic check,1,Yes,Yes,1
1,1151.83,1110.12,Month-to-month,Fiber optic,No,Yes,Credit card,0,Yes,Yes,1
36,999.63,35971.35,Month-to-month,DSL,Yes,No,Electronic check,0,Yes,Yes,0
14,1382.37,19376.13,Month-to-month,Fiber optic,No,No,Credit card,0,No,No,1
1,536.5,453.99,One year,Fiber optic,No,No,Mailed check,0,No,No,0
72,686.6,49385.92,Two year,Fiber optic,No,Yes,Electronic check,0,Yes,No,0
1,869.43,875.95,Month-to-month,Fiber optic,No,Yes,Electronic check,0,No,No,1
28,993.95,27834.76,Month-to-month,DSL,No,No,Electronic check,0,Yes,No,0
72,735.3,52960.46,Month-to-month,DSL,No,Yes,Electronic check,1,Yes,No,0
6,538.11,3250.85,Month-to-month,Fiber optic,Yes,Yes,Mailed check,0,No,No,1
3,1064.42,3210.2,One year,No,No,Yes,Bank transfer,1,Yes,Yes,0
3,1016.34,3058.7,One year,DSL,No,Yes,Credit card,0,No,No,0
8,525.12,4203.73,Month-to-month,DSL,No,Yes,Mailed check,0,No,No,1
2,1206.63,2446.5,Month-to-month,No,Yes,Yes,Mailed check,0,No,No,1
28,1151.06,32117.7,Month-to-month,DSL,Yes,No,Mailed check,0,Yes,No,0
1,840.29,917.51,One year,Fiber optic,No,Yes,Mailed check,1,No,No,1
17,823.88,13895.72,Month-to-month,Fiber optic,No,Yes,Mailed check,0,No,Yes,1
72,966.22,69513.69,Two year,DSL,No,Yes,Electronic check,1,No,Yes,0
40,541.49,21648.23,One year,Fiber optic,Yes,Yes,Electronic check,0,No,No,1
22,809.01,17831.84,Month-to-month,Fiber optic,Yes,Yes,Electronic check,0,Yes,No,1
8,200.0,1450.24,One year,DSL,No,No,Electronic check,0,Yes,No,1
23,1062.94,24446.14,Two year,Fiber optic,No,No,Bank transfer,0,No,No,0
17,331.55,5676.0,One year,Fiber optic,No,Yes,Electronic check,0,No,No,0
13,1251.03,16313.06,Month-to-month,Fiber optic,No,Yes,Credit card,0,Yes,No,0
3,700.96,2068.03,Month-to-month,DSL,No,Yes,Credit card,0,Yes,Yes,1
52,736.5,38282.95,Two year,Fiber optic,No,No,Credit card,0,No,Yes,0
14,611.68,8532.71,One year,Fiber optic,No,No,Credit card,0,Yes,Yes,1
5,713.59,3548.31,One year,Fiber optic,No,No,Electronic check,1,Yes,No,0
11,1225.56,13429.56,Two year,Fiber optic,No,Yes,Mailed check,0,Yes,No,0
12,200.0,2355.54,Two year,DSL,Yes,No,Electronic check,0,Yes,Yes,1
42,1183.09,49711.48,Two year,Fiber optic,No,Yes,Credit card,0,No,Yes,0
31,901.41,27950.2,Month-to-month,Fiber optic,Yes,Yes,Credit card,0,Yes,No,0
35,437.89,15350.85,Month-to-month,DSL,No,No,Credit card,0,Yes,No,0
0,477.41,10.7,One year,Fiber optic,No,No,Mailed check,0,Yes,No,1
12,1302.92,15670.23,One year,DSL,Yes,Yes,Bank transfer,0,Yes,No,0
15,516.35,7789.13,One year,Fiber optic,No,Yes,Electronic check,0,No,Yes,1
0,453.99,0.0,Month-to-month,DSL,Yes,Yes,Electronic check,0,Yes,No,1
7,1141.19,7945.65,One year,Fiber optic,No,Yes,Bank transfer,0,No,Yes,0
34,901.57,30641.67,One year,No,No,Yes,Mailed check,0,Yes,No,0
3,518.62,1554.73,Month-to-month,Fiber optic,Yes,No,Credit card,0,Yes,No,1
18,864.99,15536.27,Month-to-month,No,No,No,Electronic check,0,Yes,No,0
5,492.27,2506.97,Month-to-month,No,Yes,No,Credit card,0,Yes,No,0
0,1130.25,99.0,Month-to-month,DSL,Yes,No,Mailed check,0,No,No,1
6,1118.41,6719.78,Month-to-month,Fiber optic,No,Yes,Credit card,0,Yes,No,1
72,959.6,69095.55,Month-to-month,Fiber optic,No,No,Credit card,0,No,No,0
38,908.5,34565.41,Month-to-month,No,Yes,Yes,Credit card,1,Yes,No,0
72,1328.36,95548.37,One year,DSL,No,Yes,Electronic check,0,Yes,Yes,0
16,799.91,12799.92,One year,No,No,Yes,Credit card,0,Yes,No,0
2,445.44,939.83,Two year,Fiber optic,No,Yes,Electronic check,0,No,No,1
19,934.84,17729.84,Month-to-month,Fiber optic,Yes,No,Electronic check,0,Yes,No,1
14,1425.81,19900.07,Month-to-month,DSL,No,No,Mailed check,0,Yes,No,0
44,495.57,21795.88,Two year,DSL,No,Yes,Credit card,0,Yes,No,0
2,691.56,1380.09,Month-to-month,Fiber optic,No,No,Mailed check,1,Yes,No,1
16,924.93,14753.51,Two year,DSL,No,Yes,Credit card,0,No,No,0
3,783.83,2456.29,Two year,No,No,No,Bank transfer,0,No,Yes,0
9,505.31,4523.85,Month-to-month,DSL,Yes,Yes,Electronic check,0,No,Yes,1
32,1136.56,36312.15,Two year,Fiber optic,No,Yes,Credit card,1,No,No,0
15,1496.01,22435.5,Month-to-month,Fiber optic,No,Yes,Electronic check,0,No,No,0
11,858.84,9492.63,Month-to-month,Fiber optic,No,No,Credit card,0,Yes,No,1
12,528.78,6346.22,One year,Fiber optic,No,Yes,Electronic check,0,No,No,0
14,335.31,4718.65,Month-to-month,DSL,No,No,Mailed check,0,Yes,No,1
36,877.39,31542.57,Two year,DSL,No,Yes,Mailed check,0,Yes,No,0
53,1131.16,60026.03,Month-to-month,DSL,No,No,Electronic check,1,No,No,0
72,942.55,67891.71,Month-to-month,Fiber optic,Yes,No,Mailed check,0,No,No,0
37,799.28,29625.7,One year,Fiber optic,No,Yes,Electronic check,0,No,No,0
9,623.22,5627.22,One year,Fiber optic,No,Yes,Electronic check,0,No,Yes,1
27,472.35,12794.72,Month-to-month,Fiber optic,No,No,Electronic check,0,Yes,Yes,0
13,1050.43,13611.88,Month-to-month,Fiber optic,No,No,Mailed check,0,Yes,No,1
7,1074.13,7494.35,Two year,Fiber optic,No,No,Credit card,0,Yes,No,0
44,336.28,14863.69,Month-to-month,DSL,No,Yes,Bank transfer,0,No,Yes,1
0,1276.95,77.99,Two year,DSL,No,Yes,Credit card,0,No,Yes,0
55,972.22,53414.82,One year,No,No,No,Bank transfer,0,Yes,No,0
14,1219.88,17090.78,One year,No,No,Yes,Bank transfer,0,Yes,No,0
24,397.36,9515.13,One year,DSL,No,Yes,Bank transfer,0,Yes,Yes,0
25,390.25,9721.47,Month-to-month,Fiber optic,Yes,Yes,Mailed check,0,No,Yes,1
54,755.31,40800.94,One year,No,Yes,No,Bank transfer,0,No,No,0
24,950.84,22877.1,Two year,Fiber optic,No,No,Electronic check,1,Yes,No,0
22,1338.91,29478.56,Month-to-month,DSL,Yes,Yes,Credit card,0,No,Yes,0
1,1011.82,995.85,Two year,DSL,No,Yes,Credit card,0,No,No,1
17,727.2,12388.07,Month-to-month,Fiber optic,Yes,Yes,Electronic check,0,Yes,No,1
3,492.09,1458.27,Month-to-month,No,No,Yes,Bank transfer,0,No,No,1
32,1169.0,37428.61,Month-to-month,Fiber optic,Yes,Yes,Electronic check,0,Yes,No,1
17,510.59,8749.83,Two year,DSL,No,No,Electronic check,0,Yes,No,0
27,1288.54,34686.74,Month-to-month,DSL,No,Yes,Electronic check,1,Yes,No,1
1,714.68,754.55,Two year,Fiber optic,No,Yes,Credit card,0,No,No,0
2,1277.17,2477.4,Two year,No,No,No,Bank transfer,0,No,Yes,0
30,1003.68,30171.8,Month-to-month,Fiber optic,No,Yes,Credit card,0,Yes,No,1
1,758.9,727.05,Month-to-month,Fiber optic,No,Yes,Electronic check,1,No,No,1
1,644.18,583.3,One year,DSL,Yes,Yes,Mailed check,0,Yes,No,0
0,697.73,34.76,Month-to-month,No,No,Yes,Bank transfer,0,No,Yes,1
72,928.5,66869.85,One year,Fiber optic,No,No,Electronic check,0,No,No,0
32,823.15,26290.74,Month-to-month,DSL,No,Yes,Bank transfer,0,Yes,Yes,1
10,621.86,6155.92,Month-to-month,Fiber optic,Yes,Yes,Electronic check,0,Yes,No,1
8,750.31,5993.11,One year,DSL,No,No,Electronic check,0,No,Yes,0
10,823.57,8175.53,Month-to-month,DSL,Yes,No,Mailed check,0,Yes,No,0
35,200.0,6946.93,Month-to-month,DSL,No,Yes,Bank transfer,0,No,No,1
25,937.45,23442.04,Month-to-month,DSL,No,Yes,Electronic check,0,No,No,0
4,506.08,1976.04,Month-to-month,DSL,Yes,No,Electronic check,0,No,Yes,1
4,454.0,1837.33,Month-to-month,Fiber optic,No,Yes,Electronic check,0,Yes,No,1
2,293.8,662.1,Two year,Fiber optic,No,No,Electronic check,0,Yes,No,1
25,261.83,6538.38,Month-to-month,Fiber optic,No,No,Electronic check,0,Yes,No,1
34,393.37,13380.94,Month-to-month,DSL,Yes,No,Mailed check,1,No,Yes,1
7,587.29,4211.96,One year,DSL,No,Yes,Bank transfer,0,Yes,Yes,0
0,1385.98,0.0,Month-to-month,Fiber optic,Yes,Yes,Mailed check,0,Yes,No,1
2,642.24,1344.03,Month-to-month,Fiber optic,No,No,Credit card,0,No,No,1
72,853.33,61492.95,Two year,DSL,No,Yes,Bank transfer,0,No,Yes,0
8,920.14,7403.87,One year,No,No,Yes,Electronic check,0,Yes,No,1
35,839.32,29440.77,One year,Fiber optic,Yes,Yes,Electronic check,0,No,No,1
23,776.77,17879.67,One year,No,No,Yes,Credit card,0,No,Yes,0
11,441.41,4826.38,Month-to-month,Fiber optic,Yes,No,Electronic check,0,Yes,No,1
5,1235.28,6231.12,One year,DSL,No,Yes,Electronic check,1,Yes,No,1
3,1342.16,4083.12,Month-to-month,Fiber optic,Yes,No,Electronic check,1,No,No,1
22,295.2,6549.72,Month-to-month,DSL,No,Yes,Bank transfer,1,No,No,1
35,492.79,17249.92,Month-to-month,Fiber optic,Yes,Yes,Bank transfer,0,Yes,No,0
24,716.06,17149.56,Month-to-month,DSL,Yes,Yes,Credit card,1,Yes,Yes,0
18,510.64,9201.06,Month-to-month,No,Yes,No,Credit card,0,Yes,Yes,1
1,951.79,998.9,Two year,DSL,No,No,Mailed check,0,No,Yes,0
72,581.52,41920.54,Month-to-month,No,Yes,Yes,Mailed check,0,Yes,No,0
38,1449.52,55060.16,Month-to-month,No,No,No,Electronic check,0,Yes,No,0
8,1157.16,9273.09,Month-to-month,Fiber optic,No,Yes,Electronic check,1,No,No,1
72,863.77,62126.16,Month-to-month,Fiber optic,No,No,Electronic check,0,No,Yes,0
22,1108.1,24427.36,One year,Fiber optic,No,No,Electronic check,0,No,No,1
20,1131.77,22596.24,Month-to-month,No,Yes,No,Electronic check,0,Yes,No,0
33,630.82,20856.18,Month-to-month,Fiber optic,No,No,Electronic check,1,Yes,No,1
40,555.13,22147.93,Month-to-month,Fiber optic,Yes,Yes,Electronic check,0,Yes,No,1
25,823.44,20637.64,One year,Fiber optic,No,Yes,Credit card,1,No,No,1
3,1058.49,3191.56,Month-to-month,No,Yes,Yes,Bank transfer,0,No,No,0
9,841.72,7536.4,Month-to-month,Fiber optic,No,Yes,Credit card,0,Yes,Yes,0
63,326.9,20629.33,Month-to-month,Fiber optic,No,No,Mailed check,0,Yes,No,0
6,559.15,3325.4,Month-to-month,Fiber optic,No,Yes,Mailed check,0,No,No,1
11,777.81,8593.37,Month-to-month,No,Yes,No,Electronic check,0,No,No,1
13,777.3,10091.2,One year,Fiber optic,No,Yes,Electronic check,0,Yes,Yes,1
13,1391.76,18006.86,One year,DSL,Yes,Yes,Electronic check,0,No,No,0
22,384.2,8403.36,Two year,Fiber optic,No,No,Credit card,0,No,Yes,1
68,951.68,64692.5,Month-to-month,No,No,Yes,Credit card,0,No,No,0
6,1246.73,7548.81,Month-to-month,Fiber optic,No,No,Electronic check,0,No,No,0
3,1481.43,4489.36,Month-to-month,No,No,Yes,Electronic check,0,No,No,1
5,678.68,3474.6,Two year,DSL,No,No,Mailed check,0,No,Yes,1
52,947.43,49348.98,One year,Fiber optic,No,Yes,Electronic check,0,No,No,0
24,970.93,23275.54,One year,Fiber optic,No,Yes,Mailed check,0,Yes,No,1
8,858.64,6859.73,Month-to-month,No,No,No,Electronic check,0,Yes,Yes,1
40,770.35,30793.29,Month-to-month,DSL,No,No,Mailed check,0,No,No,1
47,930.79,43713.68,Month-to-month,No,Yes,Yes,Electronic check,0,No,Yes,0
44,200.0,8707.93,One year,Fiber optic,No,Yes,Mailed check,1,No,No,0
60,1004.62,60276.51,Two year,DSL,No,Yes,Electronic check,0,Yes,No,0
6,837.85,4962.84,Two year,DSL,Yes,Yes,Mailed check,1,No,No,0
33,733.26,24195.79,Month-to-month,DSL,No,No,Credit card,0,Yes,No,1
14,1414.06,19902.61,Month-to-month,Fiber optic,No,No,Electronic check,0,No,No,0
44,597.52,26265.4,Two year,DSL,Yes,Yes,Credit card,0,Yes,No,0
31,679.08,21061.13,One year,DSL,No,Yes,Credit card,1,Yes,Yes,0
35,1397.47,48956.64,Month-to-month,No,No,No,Credit card,0,Yes,No,0
25,550.38,13773.55,Month-to-month,DSL,No,Yes,Credit card,0,No,No,1
4,634.97,2554.49,Month-to-month,DSL,No,No,Bank transfer,1,Yes,No,1
18,755.89,13587.94,Month-to-month,Fiber optic,No,Yes,Credit card,0,Yes,No,0
72,1052.22,75748.27,Month-to-month,Fiber optic,Yes,No,Electronic check,0,Yes,Yes,0
66,862.34,56866.49,One year,Fiber optic,No,Yes,Mailed check,0,Yes,No,0
1,412.21,454.51,Month-to-month,Fiber optic,No,No,Credit card,0,No,No,1
4,640.35,2474.32,Month-to-month,Fiber optic,No,Yes,Bank transfer,0,Yes,No,1
3,617.79,1901.94,Month-to-month,Fiber optic,No,Yes,Credit card,0,Yes,Yes,1
31,776.83,24011.66,Two year,DSL,No,No,Credit card,0,No,No,0
40,927.75,37158.25,One year,DSL,No,Yes,Credit card,0,No,Yes,0
5,925.46,4609.62,Month-to-month,Fiber optic,No,Yes,Bank transfer,0,No,No,1
16,267.2,4213.55,Two year,Fiber optic,No,Yes,Bank transfer,0,No,No,1
44,1119.18,49272.99,Two year,Fiber optic,No,Yes,Mailed check,0,No,No,0
31,875.77,27195.33,Month-to-month,Fiber optic,No,No,Credit card,0,Yes,No,0
18,1215.36,21854.57,Month-to-month,Fiber optic,No,No,Credit card,0,No,No,1
21,933.26,19634.48,One year,DSL,Yes,Yes,Credit card,0,No,No,0
17,1130.4,19102.49,Two year,DSL,No,No,Bank transfer,0,No,No,0
8,939.96,7453.68,Two year,Fiber optic,No,Yes,Electronic check,0,No,No,0
19,1203.87,22938.11,Two year,Fiber optic,No,No,Electronic check,1,No,No,0
28,956.68,26775.72,One year,Fiber optic,No,Yes,Credit card,0,Yes,No,0
49,770.63,37667.54,Month-to-month,DSL,No,Yes,Bank transfer,0,Yes,No,0
24,1481.73,35526.59,Month-to-month,Fiber optic,Yes,Yes,Electronic check,0,No,Yes,1
34,1066.71,36222.01,Month-to-month,No,No,Yes,Electronic check,0,No,No,1
4,972.12,3880.2,Month-to-month,DSL,No,Yes,Credit card,1,Yes,No,1
14,417.11,5820.98,One year,Fiber optic,Yes,Yes,Credit card,0,No,Yes,0
0,413.51,8.95,One year,No,Yes,No,Credit card,0,No,No,1
6,887.81,5323.41,One year,DSL,No,Yes,Bank transfer,0,Yes,No,0
31,843.66,26221.33,Month-to-month,Fiber optic,No,No,Mailed check,0,No,No,0
72,615.76,44356.18,One year,DSL,No,Yes,Electronic check,0,No,Yes,0
2,842.29,1707.47,Month-to-month,Fiber optic,No,No,Electronic check,0,Yes,No,1
12,1276.59,15377.31,Month-to-month,DSL,No,No,Credit card,0,No,Yes,0
38,1008.62,38308.15,One year,No,No,No,Electronic check,0,Yes,Yes,0
5,457.7,2225.39,One year,Fiber optic,No,No,Bank transfer,0,Yes,No,1
19,766.55,14624.75,Two year,Fiber optic,Yes,No,Mailed check,0,Yes,Yes,0
31,558.51,17320.6,Month-to-month,Fiber optic,No,Yes,Mailed check,0,No,No,1
22,683.69,15048.15,Month-to-month,Fiber optic,No,No,Credit card,0,Yes,Yes,1
4,675.92,2671.99,Month-to-month,Fiber optic,No,Yes,Electronic check,1,Yes,No,1
10,656.71,6536.22,Month-to-month,No,No,Yes,Bank transfer,0,No,No,1
36,423.46,15286.87,Two year,No,No,Yes,Electronic check,1,Yes,No,1
19,761.7,14521.6,One year,Fiber optic,Yes,No,Electronic check,0,No,No,0
0,631.82,39.19,Two year,No,Yes,Yes,Mailed check,0,No,No,0
34,200.0,6839.65,Month-to-month,Fiber optic,Yes,Yes,Electronic check,0,No,No,1
0,1415.89,28.45,Two year,Fiber optic,Yes,Yes,Credit card,0,No,No,1
32,1126.63,36058.76,Month-to-month,Fiber optic,No,No,Mailed check,1,Yes,No,0
5,687.11,3426.78,Two year,DSL,Yes,Yes,Electronic check,1,Yes,No,0
72,805.65,58067.01,Month-to-month,DSL,Yes,Yes,Electronic check,0,No,No,0
11,448.5,4914.85,Month-to-month,DSL,No,Yes,Bank transfer,0,No,No,1
9,1308.72,11796.95,Month-to-month,Fiber optic,No,No,Credit card,0,Yes,No,1
3,1369.19,4067.36,Two year,Fiber optic,Yes,No,Mailed check,1,No,No,0
8,847.01,6743.1,Month-to-month,Fiber optic,No,No,Bank transfer,0,No,Yes,0
50,1107.06,55341.15,Month-to-month,No,No,No,Credit card,0,No,No,0
72,852.59,61346.0,Two year,Fiber optic,Yes,Yes,Bank transfer,0,No,No,0
11,398.98,4428.7,Month-to-month,Fiber optic,Yes,No,Electronic check,0,No,No,1
14,676.45,9402.94,Month-to-month,DSL,No,Yes,Bank transfer,0,No,No,1
30,839.58,25192.31,Month-to-month,DSL,No,Yes,Bank transfer,0,No,Yes,0
52,663.64,34515.68,Month-to-month,Fiber optic,No,Yes,Bank transfer,1,Yes,No,1
21,734.4,15331.94,Two year,Fiber optic,Yes,Yes,Bank transfer,0,No,No,0
11,772.58,8476.33,One year,Fiber optic,No,No,Credit card,0,No,No,0
12,775.74,9321.62,Month-to-month,DSL,No,Yes,Electronic check,0,No,No,1
28,815.68,22860.41,Two year,Fiber optic,Yes,No,Credit card,0,No,No,0
0,481.82,0.0,Month-to-month,DSL,No,Yes,Mailed check,0,Yes,No,1
23,584.9,13486.43,Month-to-month,DSL,No,Yes,Bank transfer,0,No,No,1
10,414.62,4140.78,Month-to-month,DSL,No,Yes,Electronic check,0,No,No,1
37,1093.34,40454.44,Month-to-month,DSL,No,No,Mailed check,0,Yes,No,0
2,200.0,412.58,Month-to-month,DSL,No,No,Bank transfer,0,Yes,No,1
21,1146.08,24113.97,Two year,DSL,No,Yes,Bank transfer,0,No,No,0
15,1215.9,18204.79,One year,No,No,Yes,Electronic check,0,Yes,Yes,1
24,709.35,16999.96,Month-to-month,DSL,Yes,Yes,Mailed check,0,Yes,Yes,0
1,200.0,166.56,One year,DSL,No,No,Electronic check,0,Yes,Yes,1
20,691.61,13815.53,One year,DSL,Yes,No,Credit card,0,No,No,0
19,780.74,14905.46,Two year,Fiber optic,Yes,Yes,Credit card,0,No,No,0
19,496.82,9468.23,Two year,DSL,No,No,Electronic check,0,Yes,No,0
22,645.43,14143.0,Month-to-month,No,No,Yes,Credit card,0,No,No,0
27,1259.06,33964.56,One year,No,No,Yes,Credit card,0,No,No,0
39,999.48,38998.29,One year,DSL,No,No,Mailed check,0,Yes,No,0
7,522.63,3613.09,One year,Fiber optic,Yes,Yes,Bank transfer,0,Yes,Yes,1
41,320.72,13113.26,Month-to-month,DSL,No,Yes,Mailed check,0,No,No,1
16,701.89,11297.56,Month-to-month,Fiber optic,No,Yes,Bank transfer,0,Yes,Yes,1
1,735.96,705.29,Month-to-month,Fiber optic,No,Yes,Electronic check,0,No,Yes,1
1,948.86,996.59,Month-to-month,DSL,No,No,Electronic check,0,Yes,Yes,0
9,639.4,5817.41,Month-to-month,DSL,No,No,Mailed check,0,Yes,Yes,1
36,953.45,34287.52,One year,Fiber optic,No,No,Electronic check,0,No,Yes,0
29,1380.55,39991.34,Month-to-month,Fiber optic,No,Yes,Credit card,0,Yes,No,0
37,1044.65,38638.25,One year,DSL,Yes,Yes,Electronic check,0,No,Yes,0
17,785.57,13300.32,Month-to-month,Fiber optic,No,Yes,Mailed check,1,Yes,No,1
13,745.05,9691.76,Two year,Fiber optic,No,Yes,Credit card,0,Yes,Yes,0
3,693.0,2068.71,Month-to-month,No,No,No,Mailed check,1,Yes,Yes,1
9,1154.19,10405.76,Month-to-month,DSL,No,No,Mailed check,1,Yes,No,1
13,611.81,8023.32,One year,Fiber optic,No,Yes,Credit card,0,Yes,No,0
2,813.57,1668.01,Two year,Fiber optic,No,No,Credit card,1,Yes,No,0
5,815.36,4101.26,Two year,DSL,No,No,Electronic check,0,No,No,0
21,649.46,13540.46,Month-to-month,Fiber optic,No,Yes,Mailed check,0,No,No,1
31,388.26,12058.24,Month-to-month,Fiber optic,No,No,Credit card,0,Yes,No,1
72,896.89,64662.38,Two year,No,No,Yes,Mailed check,0,No,No,0
64,781.7,49878.2,Month-to-month,DSL,No,Yes,Mailed check,1,Yes,No,0
24,950.07,22836.2,One year,Fiber optic,Yes,Yes,Electronic check,0,Yes,Yes,1
13,639.92,8310.99,Month-to-month,Fiber optic,No,Yes,Electronic check,0,No,No,1
24,1166.25,27947.42,Month-to-month,No,Yes,Yes,Bank transfer,0,Yes,No,0
36,536.97,19370.9,Month-to-month,DSL,No,Yes,Bank transfer,0,No,No,1
3,1313.61,4026.32,Month-to-month,No,No,Yes,Credit card,0,Yes,No,1
12,275.71,3347.27,One year,No,No,No,Bank transfer,0,No,Yes,1
43,930.43,39989.97,Two year,DSL,No,No,Electronic check,0,No,No,0
11,942.63,10321.75,Month-to-month,No,No,No,Electronic check,0,Yes,Yes,1
20,561.33,11233.89,Two year,No,Yes,Yes,Credit card,0,Yes,No,0
21,927.32,19517.34,Month-to-month,DSL,No,Yes,Electronic check,0,No,Yes,1
4,1183.86,4716.07,Month-to-month,Fiber optic,No,Yes,Electronic check,0,No,Yes,1
10,200.0,1985.48,Month-to-month,Fiber optic,No,Yes,Credit card,0,Yes,No,1
9,950.82,8698.51,Two year,DSL,No,Yes,Bank transfer,0,Yes,No,0
0,200.0,53.93,One year,DSL,No,No,Electronic check,0,Yes,Yes,1
0,510.3,57.51,One year,DSL,No,No,Credit card,0,No,No,1
42,1288.75,54054.48,Two year,DSL,No,No,Credit card,0,No,Yes,0
7,625.47,4342.9,One year,Fiber optic,No,Yes,Electronic check,0,Yes,Yes,0
17,447.84,7616.95,Two year,DSL,Yes,Yes,Credit card,0,Yes,Yes,0
8,740.62,5874.89,One year,No,No,No,Mailed check,0,No,No,1
67,1420.37,95244.94,Two year,Fiber optic,No,Yes,Mailed check,0,No,No,0
7,250.5,1823.98,Month-to-month,DSL,Yes,Yes,Credit card,0,No,No,0
13,484.61,6273.21,Month-to-month,Fiber optic,Yes,Yes,Credit card,0,Yes,No,1
49,1249.23,61301.44,Month-to-month,Fiber optic,No,Yes,Electronic check,0,No,Yes,0
44,1357.31,59721.46,Month-to-month,No,No,Yes,Electronic check,0,No,No,0
4,768.97,3205.35,One year,DSL,Yes,No,Electronic check,0,Yes,No,1
38,428.28,16282.03,Month-to-month,DSL,No,No,Bank transfer,0,No,Yes,0
14,1428.75,20031.35,One year,No,No,Yes,Electronic check,0,No,No,0
15,1278.33,19244.99,Month-to-month,No,Yes,Yes,Mailed check,0,No,No,1
3,1003.68,3074.93,Month-to-month,Fiber optic,Yes,No,Electronic check,0,No,No,1
2,556.28,1138.1,Month-to-month,Fiber optic,No,Yes,Mailed check,0,Yes,No,1
31,785.29,24336.97,Two year,DSL,Yes,Yes,Electronic check,1,Yes,No,0
16,751.89,12055.98,Month-to-month,Fiber optic,No,Yes,Credit card,0,Yes,No,1
13,899.26,11649.51,Month-to-month,DSL,No,Yes,Electronic check,1,No,No,1
31,1235.3,38301.92,One year,DSL,No,No,Electronic check,0,Yes,Yes,0
34,1063.83,36114.59,One year,No,Yes,No,Credit card,0,No,No,0
4,476.79,1818.1,Month-to-month,DSL,Yes,Yes,Bank transfer,0,Yes,Yes,0
22,1212.95,26687.4,Month-to-month,Fiber optic,Yes,Yes,Electronic check,0,No,Yes,1
3,893.94,2744.93,Month-to-month,No,Yes,Yes,Electronic check,0,No,No,1
33,1006.12,33248.24,Two year,DSL,No,Yes,Bank transfer,0,No,No,0
25,1239.96,30994.96,Month-to-month,No,Yes,No,Mailed check,0,No,No,0
72,466.53,33677.22,Month-to-month,No,No,No,Bank transfer,0,No,No,0
1,789.25,760.8,Month-to-month,Fiber optic,No,Yes,Mailed check,0,Yes,Yes,1
1,640.56,544.67,Month-to-month,DSL,Yes,No,Electronic check,0,Yes,No,1
7,329.64,2198.39,One year,DSL,Yes,No,Mailed check,1,Yes,Yes,1
